Course,URL,instructor,Price (full),Price (discount),Rank
The Data Science Course 2019: Complete Data Science Bootcamp,www.udemy.com/course/the-data-science-course-complete-data-science-bootcamp/,365 Careers,199.99,11.39,"4.5(39,300 ratings)"
Microsoft Excel - Advanced Excel Formulas & Functions,www.udemy.com/course/excel-for-analysts/,Maven Analytics,174.99,11.39,"4.6(19,085 ratings)"
Learning Python for Data Analysis and Visualization,www.udemy.com/course/learning-python-for-data-analysis-and-visualization/,Jose Portilla,194.99,11.39,"4.3(12,208 ratings)"
Data Analysis with Pandas and Python,www.udemy.com/course/data-analysis-with-pandas/,Boris Paskhaver,199.99,11.39,"4.6(7,109 ratings)"
SQL for Data Analysis: Weekender Crash Course for Beginners,www.udemy.com/course/sql-for-newbs/,A Course You'll Actually Finish,199.99,11.39,"4.1(8,954 ratings)"
Data Analysis and Visualization - Complete Bootcamp by TM,www.udemy.com/course/learn-data-analytics-complete-bootcamp-by-takenmind/,TakenMind Internship,0,29.99,"4.4(2,066 ratings)"
Data Analysis Essentials Using Excel,www.udemy.com/course/business-data-analysis-excel/,Symon He,194.99,11.39,"4.5(2,053 ratings)"
Manage Finance Data with Python & Pandas: Unique Masterclass,www.udemy.com/course/finance-data-with-python-and-pandas/,Alexander Hagmann,199.99,11.39,4.7(91 ratings)
Statistics & Applied Data Science - Business Data Analysis,www.udemy.com/course/ureadup_sds/,Mahmoud Ali,189.99,11.39,4.6(216 ratings)
Complete Data Science Training with Python for Data Analysis,www.udemy.com/course/complete-data-science-training-with-python-for-data-analysis/,Minerva Singh,199.99,11.39,"4.2(1,116 ratings)"
Statistics for Data Analysis Using Excel 2016,www.udemy.com/course/statistics-using-excel/,Sandeep Kumar ­,134.99,13.79,4.5(897 ratings)
Data Analysis and Dashboards with Google Data Studio,www.udemy.com/course/data-analysis-and-dashboards-with-google-data-studio/,Ian Littlejohn,99.99,11.39,4.4(778 ratings)
Tableau 2019 + Tableau 2018: Tableau CA Certification 2020,www.udemy.com/course/tableau-certified-associate-questions/,Emin Cengay,199.99,11.39,4.6(48 ratings)
Complete Introduction to Business Data Analysis,www.udemy.com/course/the-complete-introduction-to-business-data-analysis/,Ian Littlejohn,99.99,11.39,"4.4(1,894 ratings)"
Applied Statistical Modeling for Data Analysis in R,www.udemy.com/course/applied-statistical-modeling-for-data-analysis-in-r/,Minerva Singh,199.99,11.39,4.4(789 ratings)
Complete neural signal processing and analysis: Zero to hero,www.udemy.com/course/solved-challenges-ants/,Mike X Cohen,19.99,11.39,4.6(72 ratings)
R Level 1 - Data Analytics with R,www.udemy.com/course/r-level1/,R-Tutorials Training,169.99,11.99,"4.3(1,439 ratings)"
Data Analytics Using Splunk -Beginner to Intermediate Course,www.udemy.com/course/data-analytics-using-splunk/,Bigdata ABC,0,19.99,4.0(476 ratings)
From Zero to NVivo 12 - Qualitative data analysis with NVivo,www.udemy.com/course/from-zero-to-nvivo-12/,Dr Jaroslaw Kriukow,39.99,11.99,4.5(59 ratings)
MicroStrategy for Business Intelligence and Data Analysis,www.udemy.com/course/microstrategy/,Saad Qureshi,199.99,11.99,4.1(28 ratings)
Learn Data Visualization Using Tableau from Zero to Hero,www.udemy.com/course/learn-data-visualization-using-tableau-from-zero-to-hero/,Data Science Guide,19.99,11.99,4.6(35 ratings)
Excel for Data Analysts,www.udemy.com/course/the-data-analyst-skills-training-course-dast-with-excel/,Ashish Agarwal,74.99,11.99,4.2(255 ratings)
Learn Business Data Analysis with SQL and Tableau,www.udemy.com/course/learn-business-data-analysis-with-sql-and-tableau/,Data Science Guide,19.99,11.99,4.7(136 ratings)
From Zero to NVivo 11 - Qualitative data analysis with NVivo,www.udemy.com/course/from-zero-to-nvivo-qualitative-data-analysis-with-nvivo/,Dr Jaroslaw Kriukow,39.99,11.99,4.4(324 ratings)
Complete Introduction to Methods of Data Analysis,www.udemy.com/course/complete-introduction-to-methods-of-data-analysis/,Ian Littlejohn,99.99,11.99,4.4(8 ratings)
"ACL for Audit, Data analysis and Visualization",www.udemy.com/course/acl-for-audit-data-analysis-and-visualization/,Samuel Kolawole,79.99,11.99,4.4(163 ratings)
Tidy Data: Updated Data Processing With tidyr and dplyr in R,www.udemy.com/course/tidy-data-updated-data-processing-with-tidyr-and-dplyr-in-r/,Minerva Singh,199.99,11.99,4.5(40 ratings)
Data Analyst's Toolbox: Excel to MySQL,www.udemy.com/course/data-analysts-toolbox-excel-to-mysql-am/,Vardges Zardaryan,99.99,11.99,4.1(29 ratings)
Statistical Data Analysis with SAS,www.udemy.com/course/statistical-data-analysis-with-sas/,John Zhong | JSTARTS.COM,69.99,11.99,4.4(127 ratings)
TIBCO Cloud Spotfire Data Visualization and Analytics,www.udemy.com/course/tibco-cloud-spotfire-713-certified-analytics-developer/,Lorenz De Smedt,19.99,11.99,4.1(399 ratings)
Advanced Google Sheets for Data Analysis,www.udemy.com/course/advanced-google-sheets-for-data-analysis/,David Krevitt,99.99,11.99,4.0(112 ratings)
Implement Machine Learning in Data Mining Using Python,www.udemy.com/course/implement-machine-learning-in-data-mining-using-python/,Data Science Guide,19.99,11.99,4.7(45 ratings)
Microsoft Excel - Learn Business Data Analytics,www.udemy.com/course/business-data-analytics-from-the-ground-up/,Sean J. Thompson,174.99,11.99,4.4(289 ratings)
"Excel Data Analysis with Excel Pivot Tables, Excel Dashboard",www.udemy.com/course/learn-excel-pivot-table-and-pivot-charts-like-a-pro/,Skills On Demand,199.99,11.99,4.2(116 ratings)
Excel Master Class-Power Pivot - Data Model and DAX Formulas,www.udemy.com/course/excel-master-class-power-pivot-data-model-and-dax-formulas/,Ian Littlejohn,99.99,11.99,4.8(74 ratings)
An Introduction to Stata,www.udemy.com/course/an-introduction-to-stata/,Najib Mozahem,24.99,11.99,4.4(124 ratings)
Regression Analysis / Data Analytics in Regression,www.udemy.com/course/regression-statistics/,Quantitative  Specialists,99.99,11.99,4.3(367 ratings)
Qualitative Data Analysis using MAXQDA: Scratch to Advanced,www.udemy.com/course/qualitative-data-analysis-using-maxqda/,Scholarsight Learning,199.99,11.99,4.6(183 ratings)
How to analyse Qualitative data,www.udemy.com/course/how-to-analyse-qualitative-data/,Dr Jaroslaw Kriukow,24.99,11.99,4.5(69 ratings)
Linear Regression using Stata,www.udemy.com/course/linear-regression-using-stata/,Najib Mozahem,29.99,11.99,4.5(33 ratings)
Analytics for Beginners,www.udemy.com/course/jigsaw-academy-analytics-for-beginners/,Jigsaw Academy,19.99,11.99,4.3(220 ratings)
PostgreSQL:  Advanced SQL Queries and Data Analysis,www.udemy.com/course/postgresql-advanced-sql-queries-and-data-analysis/,Bluelime Learning Solutions,124.99,11.99,3.6(114 ratings)
"Data Analytics: SQL for newbs, beginners and marketers",www.udemy.com/course/sql-for-marketers-data-analytics-data-science-big-data/,Lazy Programmer Inc.,59.99,11.99,4.3(987 ratings)
Machine Learning Career Guide – Technical Interview,www.udemy.com/course/mlcg-technical-interview/,Vladimir Poliakov,119.99,11.99,4.1(49 ratings)
QlikSense Master Class : Self Service Analytics,www.udemy.com/course/qliksense-master-class-self-service-analytics/,Paul Scotchford,174.99,11.99,4.7(15 ratings)
Mastering Data Analysis in Excel,www.udemy.com/course/mastering-data-analysis-in-excel-am/,Vardges Zardaryan,99.99,11.99,4.4(46 ratings)
Become a Python Data Analyst,www.udemy.com/course/become-a-python-data-analyst/,Packt Publishing,124.99,11.99,4.1(259 ratings)
Build an NBA Fantasy Projection Model in Python with Pandas,www.udemy.com/course/build-a-nba-fantasy-projection-model-in-python-with-pandas/,John Mannelly,19.99,11.99,4.7(12 ratings)
Statistics/Data Analysis with SPSS: Descriptive Statistics,www.udemy.com/course/descriptive-statistics-spss/,Quantitative  Specialists,74.99,11.39,4.6(248 ratings)
Data Analysis Excel for Beginners: Statistical Data Analysis,www.udemy.com/course/statistical-data-analysis-in-excel/,Kawser Ahmed,94.99,11.39,3.5(230 ratings)
Econometrics#2: Econometrics Modeling and Analysis in EViews,www.udemy.com/course/eviews-and-its-application-to-econometric-modeling/,Avinash Data and Coding,199.99,11.39,2.9(34 ratings)
Data Science with Python 3.x,www.udemy.com/course/data-science-with-python-3x/,Packt Publishing,199.99,11.39,4.5(4 ratings)
Google Analytics Certification Exam Training,www.udemy.com/course/google-analytics-certification-coursenvy/,COURSE ENVY,49.99,11.39,4.1(151 ratings)
Excel Data Analytics in AML Financial Intelligence Analysis,www.udemy.com/course/excel-essentials-in-amlcft-analysis-and-investigations/,Nasiru Musa,24.99,11.39,4.1(74 ratings)
Audit Command Language for Beginners,www.udemy.com/course/audit-command-language-for-beginners/,Samuel Kolawole,49.99,11.39,4.1(81 ratings)
Big Data Analytics with GIS,www.udemy.com/course/big-data-and-gis/,Arthur Lembo,49.99,11.39,4.0(61 ratings)
Analytics For All,www.udemy.com/course/data-analytics-for-beginners/,ATI - Analytics Training Institute,19.99,11.39,4.6(248 ratings)
AIAG-VDA FMEA Training,www.udemy.com/course/aiag-vda-fmea-training/,Nilakantasrinivasan Janakiraman,34.99,11.39,4.1(14 ratings)
SAP S/4HANA Analytics,www.udemy.com/course/sap-s4hana-analytics/,Digitial Transformation Acadmy (Battel of mind),199.99,11.39,2.6(29 ratings)
Exploratory Data Analysis with Pandas and Python 3.x,www.udemy.com/course/exploratory-data-analysis-with-pandas-and-python-3x/,Packt Publishing,124.99,11.39,4.2(23 ratings)
"Business Analysis: BPMN, Data Analytics For Business Analyst",www.udemy.com/course/business-analysis-bpmn-data-analytics-for-business-analyst/,Jean-Gabriel Paquette,184.99,11.39,3.4(161 ratings)
Advanced Data Analytics & Story-Telling Techniques,www.udemy.com/course/data-analysis-data-to-insights-a-step-by-step-framework/,Ashish Agarwal,49.99,11.39,4.2(107 ratings)
Serverless Data Analysis with Big Query on Google's Cloud,www.udemy.com/course/serverless-data-analysis-with-big-query-on-googles-cloud/,Mike West,49.99,11.39,4.1(103 ratings)
Big Data Analytics on Microsoft AZURE,www.udemy.com/course/big-data-analytics-on-microsoft-azure/,Pranjal Srivastava,19.99,11.39,3.7(36 ratings)
Dynamic Dashboards and Data Analysis with Google Data Studio,www.udemy.com/course/dynamic-dashboards-and-data-analysis-with-google-data-studio/,Lachezar Arabadzhiev,99.99,11.39,4.9(13 ratings)
ArcGIS Pro & QGIS 3 - complete paralell course,www.udemy.com/course/how-to-do-it-with-arcgis-and-qgis-same-task/,Golgi Alvarez,199.99,50.00,3.4(3 ratings)
"SSAS Azure, Tabular SSAS, Data Migration, and Administration",www.udemy.com/course/ssas-azure-sql-azure-fast-track-data-analytics-on-azure/,Siddharth Mehta,19.99,11.39,4.5(46 ratings)
Predictive Analytics With R,www.udemy.com/course/predictive-analytics-with-r/,Easylearning guru,49.99,11.39,3.8(43 ratings)
Haskell: Data Analysis Made Easy,www.udemy.com/course/haskell-data-analysis-made-easy/,Packt Publishing,199.99,11.39,3.3(35 ratings)
Business Analytics: Drive Business Growth with Data Analysis,www.udemy.com/course/business-analytics-guide/,Grid Wire,109.99,11.39,3.5(71 ratings)
Data Analytics With Excel and Power BI,www.udemy.com/course/data-analytics-with-excel-and-power-bi/,Paula Guilfoyle,199.99,11.39,3.8(18 ratings)
A Practical Guide to Alteryx for Data Science & Analytics,www.udemy.com/course/practical-guide-to-alteryx-for-data-science/,Jeff Lo,99.99,11.39,4.2(20 ratings)
Learning Data Analysis with R,www.udemy.com/course/learning-data-analysis-with-r/,Packt Publishing,124.99,11.39,4.6(10 ratings)
Statistics / Data Analysis: Survey Data and Likert Scales,www.udemy.com/course/survey-data/,Quantitative  Specialists,94.99,11.39,4.0(145 ratings)
Fundamentals of Business Intelligence & Data Analytics World,www.udemy.com/course/my-first-business-intelligence-analytics-project-training/,Siddharth Mehta,19.99,11.39,3.9(154 ratings)
Customer Analytics in SPSS,www.udemy.com/course/customer-analytics-in-spss/,Bogdan Anastasiei,49.99,11.39,3.9(23 ratings)
Statistics & Data Analysis: Linear Regression Models in SPSS,www.udemy.com/course/linear-regression-analysis-basics-in-spss-statistics/,"Andrew Luttrell, Ph.D.",24.99,11.39,3.6(136 ratings)
Coding to analyze and visualize data: a class of examples​,www.udemy.com/course/dataanalysis/,Mammoth Interactive,199.99,11.39,4.5(5 ratings)
SAP Data Analysis for Sales Documents and More,www.udemy.com/course/sap-data-analysis-for-sales-documents-and-more/,Devon Winters,39.99,11.39,4.4(56 ratings)
Data Analytics for Beginners with Google Colaboratory,www.udemy.com/course/data-analytics-for-beginners-with-google-colaboratory/,Packt Publishing,124.99,11.39,4.6(7 ratings)
Visualizing data using Stata,www.udemy.com/course/visualizing-data-using-stata/,Najib Mozahem,24.99,11.39,4.4(16 ratings)
Advanced Applied SQL for Business Intelligence and Analytics,www.udemy.com/course/advanced-applied-sql-for-business-intelligence-and-analytics/,Packt Publishing,124.99,11.39,4.0(30 ratings)
SPSS Data Analysis for Beginning Researchers,www.udemy.com/course/spss-data-analysis-for-beginning-researchers/,Dr. Haoran Zhang,19.99,11.39,4.7(44 ratings)
Data-Driven Nonprofits,www.udemy.com/course/data-driven-nonprofits/,Stephan Fopeano,49.99,11.39,4.6(8 ratings)
The Ins and Outs of ArcGIS Data Analysis,www.udemy.com/course/the-ins-and-outs-of-arcgis-data-analysis/,Packt Publishing,124.99,11.39,4.4(16 ratings)
Data Analysis in Python for Lean Six Sigma Professionals,www.udemy.com/course/data-analysis-in-python-for-lean-six-sigma-professionals/,Nilakantasrinivasan Janakiraman,59.99,11.39,4.3(5 ratings)
Google Analytics Training for Beginners,www.udemy.com/course/google-analytics-guide/,Robin & Jesper | Digital Marketing Professionals,149.99,11.39,4.1(145 ratings)
Hotjar Hero Masterclass,www.udemy.com/course/hotjar-hero-masterclass/,Colin Longworth,19.99,11.99,4.4(27 ratings)
Mastering Data Analysis with R,www.udemy.com/course/mastering-data-analysis-with-r/,Packt Publishing,124.99,11.39,4.1(3 ratings)
Data Analysis With Python For Beginners: Learn By Practice,www.udemy.com/course/python-data-analysis-masterclass-learn-by-practice/,Ashutosh Pawar,194.99,11.39,4.0(68 ratings)
Fundamentals of Data Analysis for Big Data,www.udemy.com/course/data-analysis-for-big-data/,Illumeo Learning,49.99,11.39,4.1(226 ratings)
Advanced Data Analysis with Haskell,www.udemy.com/course/advanced-data-analysis-with-haskell/,Packt Publishing,124.99,11.39,3.5(10 ratings)
Data Analytics using R Programming,www.udemy.com/course/data-analytics-using-r-programming/,DATAhill Solutions Srinivas Reddy,199.99,11.39,3.8(12 ratings)
"Excel Data Analysis: Produce Great Reports, Basic Statistics",www.udemy.com/course/excel-for-the-college-graduate/,Tom Vorves,19.99,11.39,4.6(116 ratings)
SQL: Data Analytics Applications in the Real World,www.udemy.com/course/sql-data-analytics-applications-in-the-real-world/,Data Civilisation,29.99,11.39,0.0(0 ratings)
Practical Data Analysis and Visualization with Python,www.udemy.com/course/practical-data-analysis-and-visualization-with-python/,Bekzod Ruzmetov,99.99,11.39,4.1(37 ratings)
Learning Path: R: Master R Data Analysis and Visualization,www.udemy.com/course/learning-path-rmaster-data-analysis-visualization-with-r/,Packt Publishing,199.99,11.39,3.9(20 ratings)
"SQL For Audit, Revenue Assurance and Data Science",www.udemy.com/course/sql-for-audit-revenue-assurance-and-data-science/,Samuel Kolawole,79.99,11.39,4.5(11 ratings)
Excel: Data cleaning and analysis techniques,www.udemy.com/course/excel-data-cleaning-and-analysis-using-text-functions/,Ashish Agarwal,19.99,11.99,4.4(85 ratings)
Streaming Analytics on Google Cloud Platform,www.udemy.com/course/streaming-analytics-on-google-cloud-platform/,Mike West,49.99,11.39,4.2(27 ratings)
Robust data analysis in R and Matlab,www.udemy.com/course/robust-data-analysis-in-r-and-matlab/,Elisa Cabana Garceran del Vall,199.99,11.39,5.0(1 rating)
Data Analysis with R,www.udemy.com/course/data-analysis-with-r/,Mangirdas Adomaitis,74.99,11.39,4.1(46 ratings)
SQL: Reporting and Analysis for beginners,www.udemy.com/course/sql-reporting-and-analysis-for-beginners/,Bluelime Learning Solutions,119.99,11.39,4.3(42 ratings)
Learn Programming with Python,www.udemy.com/course/learn-programming-with-python/,Vinay Kumar,19.99,11.39,3.8(122 ratings)
Java Data Science Solutions - Analyzing Data,www.udemy.com/course/java-data-science-solutions-analyzing-data/,Packt Publishing,124.99,11.39,4.0(11 ratings)
Excel Data Analysis For Dummies,www.udemy.com/course/excel-data-analysis-for-dummies/,John Wiley & Sons,49.99,11.39,4.3(477 ratings)
Foundations in data analysis: techniques to unlock insights,www.udemy.com/course/foundations-in-data-analysis-techniques-to-unlock-insights/,Jef Jacobs,44.99,11.39,4.3(9 ratings)
Python for Data Analytics for Beginners by Doing Projects,www.udemy.com/course/python-for-data-analytics-for-beginners-by-doing-projects/,Xcourse Team,99.99,11.39,3.9(15 ratings)
An Introduction to Factor Analysis,www.udemy.com/course/an-introduction-to-factor-analysis/,Najib Mozahem,19.99,11.39,4.4(5 ratings)
Data Analysis & Statistics: practical course for beginners,www.udemy.com/course/data-analysis-statistics/,Jacek Kułak,199.99,11.39,4.7(9 ratings)
Predictive Analytics for Business - with Case Studies,www.udemy.com/course/predictive-analytics-for-business-with-case-studies/,John Phillips,29.99,11.39,4.2(43 ratings)
Data Analytics Introduction and Excel Dashboarding,www.udemy.com/course/data-analytics-introduction-and-excel-dashboarding/,Skillup Training,49.99,11.39,4.2(17 ratings)
Realtime Data Processing with Pentaho and Apache Kafka,www.udemy.com/course/realtime-data-processing-with-pentaho-and-apache-kafka/,Rajkumar V,59.99,11.39,3.0(1 rating)
Bash Shell Programming for Data Sciences,www.udemy.com/course/hello-big-data-at-bash/,Scientific Programmer,49.99,11.39,4.2(52 ratings)
R Data Analytics Projects,www.udemy.com/course/r-data-analytics-projects/,Packt Publishing,124.99,11.39,4.0(3 ratings)
Advanced Analytics with R and Tableau,www.udemy.com/course/advanced-analytics-with-r-and-tableau/,Packt Publishing,124.99,11.39,3.5(20 ratings)
Python Celery for Distributed Tasks and Parallel Programming,www.udemy.com/course/python-for-data-analysis-and-pipelines/,Tarek Abulnaga,59.99,11.39,2.4(15 ratings)
Decision Making And Data Analysis,www.udemy.com/course/decision-making-and-data-analysis/,OrangeTree Global,19.99,11.39,3.8(28 ratings)
Learning Path: Python: Effective Data Analysis Using Python,www.udemy.com/course/learning-path-python-effective-data-analysis-using-python/,Packt Publishing,199.99,11.39,3.8(17 ratings)
Advanced Analytics,www.udemy.com/course/complex-analytics/,Systems Academy,49.99,11.39,4.1(87 ratings)
Application of Statistics in Business Analytics,www.udemy.com/course/application-of-statistics-in-business-analytics/,Neilko Ventures Private Limited,49.99,11.39,4.5(20 ratings)
Business Analytics: Use Data Analysis for Financial Industry,www.udemy.com/course/business-analytics-course/,Grid Wire,109.99,11.39,3.6(35 ratings)
Web and Social Media Analytics with R: 2-in-1,www.udemy.com/course/web-and-social-media-analytics-with-r-2-in-1/,Packt Publishing,199.99,11.39,4.2(8 ratings)
QGIS 3 step by step from scratch,www.udemy.com/course/qgis-complete-course/,AulaGEO Academy,119.99,11.39,0.0(0 ratings)
Statistical Data Analysis with Java,www.udemy.com/course/statistical-data-analysis-with-java/,Packt Publishing,199.99,11.39,4.0(1 rating)
Learning Python Data Analysis,www.udemy.com/course/learning-python-data-analysis/,Packt Publishing,124.99,11.39,4.4(3 ratings)
Learn to use SQL for Data Analysis and Reporting,www.udemy.com/course/learn-to-use-sql-for-data-analysis/,Tech Academy,124.99,11.39,3.8(27 ratings)
Apache Spark Project World Development Indicators Analytics,www.udemy.com/course/apache-spark-project-world-development-indicators-analytics/,Bigdata Engineer,19.99,11.39,2.1(3 ratings)
QlikView: Data Analysis,www.udemy.com/course/qlikview-data-analysis/,Packt Publishing,199.99,11.39,3.7(10 ratings)
Applying and Using Data Analysis for Business Intelligence,www.udemy.com/course/applying-and-using-data-analysis-for-business-intelligence/,Illumeo Learning,24.99,11.39,4.1(12 ratings)
Data Analysis with  Oracle Analytic Functions,www.udemy.com/course/data-analysis-with-oracle-analytic-functions/,Bluelime Learning Solutions,124.99,11.39,3.9(37 ratings)
Fundamentals of Data Analysis - The Basics,www.udemy.com/course/fundamentals-of-data-analysis-interpretation/,Examizy Media,69.99,11.39,3.5(11 ratings)
Basic Python Programming for Beginners for Data Analysis,www.udemy.com/course/poweroftheprogrammer/,Justin Barnett,19.99,11.39,2.9(2 ratings)
Straight From Business School: Data + Analytics,www.udemy.com/course/data-and-analytics/,Classrack +,49.99,11.39,3.5(26 ratings)
Apache Spark Streaming Simplified: 2-in-1,www.udemy.com/course/apache-spark-streaming-simplified-2-in-1/,Packt Publishing,199.99,11.39,0.0(0 ratings)
R Data Analysis - Time-Series and Social Media,www.udemy.com/course/r-data-analysis-time-series-and-social-media/,Packt Publishing,124.99,11.39,3.1(9 ratings)
Data and Statistics (For Business and Economics),www.udemy.com/course/data-and-statistics-for-business-and-economics/,Shubham Kalra,49.99,11.39,4.2(31 ratings)
Understanding on Google Charts,www.udemy.com/course/google-charts/,Avinash Data and Coding,99.99,11.39,3.6(12 ratings)
How to become Successful Data Scientist - Mentor approach,www.udemy.com/course/how-to-become-successful-data-scientist-mentor-approach/,Prem Kripalani,199.99,11.39,3.8(2 ratings)
PARETO Analysis in Industrial and Business Applications,www.udemy.com/course/pareto-analysis-and-how-to-use-it-in-industrial-applications/,Haitham Eldalil,29.99,11.39,4.5(3 ratings)
"XML Data Analysis using HADOOP-Mapreduce,PIG and HIVE",www.udemy.com/course/big-data_hadoop-use-case-process-semi-structured-data-xml-file/,Technical Training Provider,24.99,11.39,3.4(6 ratings)
Introduction to Data Analysis and Statistics Using SQL,www.udemy.com/course/introduction-to-data-analysis-and-statistics-using-sql/,Digital Learning Academy,124.99,11.39,4.0(19 ratings)
LEARNING PATH: Big Data Analytics and Processing with Spark,www.udemy.com/course/learning-path-big-data-analytics-and-processing-with-spark/,Packt Publishing,199.99,11.39,1.0(1 rating)
LEARNING PATH: Java: Data Analysis Made Easy with Java,www.udemy.com/course/learning-path-java-data-analysis-made-easy-with-java/,Packt Publishing,199.99,11.39,4.2(2 ratings)
IBM Netezza : IBM PureData System for Analytics v7.0 000-540,www.udemy.com/course/ibm-netezza-certify-000-540/,Saikrishna Cheruvu,19.99,11.39,4.3(7 ratings)
Learning Path: Scala: Efficient Data Analysis with Scala,www.udemy.com/course/learning-path-scala-efficient-data-analysis-with-scala/,Packt Publishing,199.99,11.39,3.7(2 ratings)
Your Excel Data Analysis Playbook,www.udemy.com/course/excel-data-analysis-playbook/,Martyn Blythin,49.99,11.39,4.3(71 ratings)
Data Analysis with Excel Analysis Package,www.udemy.com/course/data-analysis-with-excel-analysis-package/,Danil Dintsis,24.99,11.39,4.4(2 ratings)
CIW Data Analyst certification Practice Tests,www.udemy.com/course/ciw-data-analyst-certification-practice-tests/,Strobe Practice Tests,19.99,11.39,2.9(2 ratings)
LEARNING PATH: Python: Complete Data Analysis With Python,www.udemy.com/course/learning-path-python-complete-data-analysis-with-python/,Packt Publishing,199.99,11.39,4.0(2 ratings)
Analyzing Data with QuickBooks Online and Microsoft Excel,www.udemy.com/course/excelanalysis/,Tymone Green,149.99,11.39,5.0(1 rating)
Introduction to Data Analysis and Reporting  with SQL,www.udemy.com/course/introduction-to-data-analysis-and-reporting-with-sql/,Bluelime Learning Solutions,124.99,11.39,4.0(23 ratings)
R: Complete Data Analysis Solutions,www.udemy.com/course/r-complete-data-analysis-solutions/,Packt Publishing,199.99,11.39,2.4(13 ratings)
Excel Array Formula (Ctrl Shift Enter) for Data Analysis,www.udemy.com/course/excel-array-formula-ctrl-shift-enter-for-data-analysis/,Yoda Learning,19.99,11.39,3.4(6 ratings)
Predictive Analytics : Understanding ARIMA,www.udemy.com/course/predictive-analytics-understanding-arima/,Anamind Business Consulting,19.99,11.39,3.2(13 ratings)
Youtube Data Analysis using Hadoop-With Codes,www.udemy.com/course/youtube-data-analysis-using-hadoop-mapreduce-hive-hands-on-practical/,Technical Training Provider,24.99,11.39,1.9(4 ratings)
R Data Analysis with Projects – Hands On: 3-in-1,www.udemy.com/course/r-data-analysis-with-projects-hands-on-3-in-1/,Packt Publishing,199.99,11.39,4.5(1 rating)
Data Science with R Training - 25Hrs - Learnoa Certification,www.udemy.com/course/data-science-with-r-training-24-hrs-learnoa-certification/,Learnoa .com,114.99,28.75,0.0(0 ratings)
Excel in the World of Data Analytics,www.udemy.com/course/excel-in-the-world-of-data-analytics/,Data Civilisation,19.99,11.39,0.0(0 ratings)
Big Data Analytics in IOT domain,www.udemy.com/course/big-data-analytics-and-iot/,RankOne Consulting,99.99,11.39,3.1(35 ratings)
Apache Big Data Analytics 2019EDITION,www.udemy.com/course/apache-big-data-analytics-2019-edition/,Rupak Roy,199.99,11.99,0.0(0 ratings)
Fundamentals of Watson Analytics,www.udemy.com/course/fundamentals-of-watson-analytics/,VICONIC Development,19.99,11.99,4.0(81 ratings)
"Practical Data Analysis with Python and Pandas ,Real Project",www.udemy.com/course/master-data-analysis-with-python/,Tan Pham,19.99,11.99,3.3(5 ratings)
"Read, write, and analyze data with pandas & Python!",www.udemy.com/course/datasciencepython/,Mammoth Interactive,199.99,11.99,3.6(8 ratings)
R Programming: Mastering R for data analysis,www.udemy.com/course/mastering-r-for-data-analysis/,Analytics Leap,149.99,11.99,3.4(23 ratings)
Master Data Analysis with Open Source Software,www.udemy.com/course/statistics-with-open-office/,Robert Lee Reed,49.99,11.99,4.6(5 ratings)
Spark for Data Analysis in Scala,www.udemy.com/course/spark-for-data-analysis-in-scala/,Packt Publishing,124.99,11.99,3.6(13 ratings)
Learning Path: R: Powerful Data Analysis with R,www.udemy.com/course/learning-path-r-powerful-data-analysis-with-r/,Packt Publishing,199.99,11.99,3.9(5 ratings)
Big Data Analytics Projects with Apache Spark,www.udemy.com/course/big-data-analytics-projects-with-apache-spark/,Packt Publishing,124.99,11.99,2.0(1 rating)
Data Analysis 101 With Python,www.udemy.com/course/data-analysis-101-with-python/,Catherine Reynolds,0,19.99,0.0(0 ratings)
R DataAnalysis Solution-Analyzing Time-Series & SocialMedia,www.udemy.com/course/r-dataanalysis-solution-analyzing-time-series-socialmedia/,Packt Publishing,124.99,11.99,0.0(0 ratings)
Data Analysis with Excel,www.udemy.com/course/data-analysis-with-excel/,Adriano Lima,19.99,11.99,3.5(20 ratings)
Meta-analysis in Dentistry - Basic course,www.udemy.com/course/meta-analysis-in-dentistry-basic-course/,Pulikkotil Shaju Jacob,19.99,11.99,3.1(6 ratings)
Advanced Techniques for Data Analysis with Scala,www.udemy.com/course/advanced-techniques-for-data-analysis-with-scala/,Packt Publishing,124.99,11.99,3.9(4 ratings)
Understand and leverage Digital Analytics,www.udemy.com/course/understand-and-leverage-digital-analytics/,Penelope Bellegarde,84.99,11.99,3.2(9 ratings)
Data Analysis with Pandas: 2-in-1,www.udemy.com/course/data-analysis-with-pandas-2-in-1/,Packt Publishing,199.99,11.99,0.0(0 ratings)
Data Analysis With PostgreSQL: Analytic |Aggregate Functions,www.udemy.com/course/data-analysis-with-postgresql-analytic-aggregate-functions/,Bluelime Learning Solutions,119.99,11.99,3.8(10 ratings)
User Tracking and Analytics in Unity,www.udemy.com/course/user-tracking-and-analytics-in-unity/,3D BUZZ Programming and Digital Art training,169.99,11.99,3.5(1 rating)
Learn to Analyze and Visualize your data with Pandas,www.udemy.com/course/learning-pandas/,Packt Publishing,124.99,11.99,0.0(0 ratings)
Data Analysis and Exploration with Pandas,www.udemy.com/course/data-analysis-and-exploration-with-pandas/,Packt Publishing,124.99,11.99,2.7(2 ratings)
Mastering Python Data Analysis with Pandas,www.udemy.com/course/mastering-python-data-analysis-with-pandas/,Packt Publishing,124.99,11.99,0.0(0 ratings)
Advanced Analytics & RealTime Data Processing in ApacheSpark,www.udemy.com/course/advanced-analytics-realtime-data-processing-in-apachespark/,Packt Publishing,124.99,11.99,2.2(2 ratings)
Data Analysis Black Magic with Excel,www.udemy.com/course/data-analysis-black-magic-with-excel/,Info Artist,34.99,11.99,4.2(10 ratings)
Web Scraper or Data Scraping For Beginners to Data Analysis,www.udemy.com/course/web-scraper/,srinivas muralidharan,19.99,11.99,3.6(85 ratings)
Financial Data Analysis using Excel 2013,www.udemy.com/course/financial-data-analysis-using-excel-2013/,GreyCampus Inc.,0,199.99,4.3(13 ratings)
R Data Analysis Projects,www.udemy.com/course/r-data-analysis-projects/,Packt Publishing,124.99,11.99,1.5(1 rating)
Learning Path: Big Data Analytics and Streaming with Spark 2,www.udemy.com/course/learning-path-big-data-analytics-and-streaming-with-spark-2/,Packt Publishing,199.99,11.99,3.7(2 ratings)
Visitor Insights and Social Media Analytics in R,www.udemy.com/course/visitor-insights-and-social-media-analytics-in-r/,Packt Publishing,124.99,11.99,3.7(2 ratings)
Learn how to analyse data with python,www.udemy.com/course/learn-how-to-analyse-data-with-python/,Easylearning guru,24.99,11.99,0.0(0 ratings)
"Polling Data Analysis in MapReduce,PIG and HIVE - BigData",www.udemy.com/course/polling-data-analysis-in-mapreducepig-and-hive-bigdata/,Vijay Garg,19.99,11.99,3.3(2 ratings)
Learning Path: R: Data Analysis and Machine Learning with R,www.udemy.com/course/learning-path-r-data-analysis-and-machine-learning-with-r/,Packt Publishing,199.99,11.99,4.0(1 rating)
LEARNING PATH: R: Advanced Data Analysis with R,www.udemy.com/course/learning-path-r-advanced-data-analysis-with-r/,Packt Publishing,199.99,11.99,1.0(1 rating)
Detect and Reduce Sample Bias in Predictive Analytics,www.udemy.com/course/sample-bias-in-predictive-analytics/,Predictive Analytics,0,19.99,3.4(37 ratings)
20779 Analyzing Data with Excel,www.udemy.com/course/20779-analyzing-data-with-excel/,Wasim Airod,199.99,11.39,1.8(2 ratings)
Google Analytics: Secrets Revealed To Increase Conversions,www.udemy.com/course/google-analytics-key-insights-to-increase-your-conversions/,Irfan Aslam,199.99,11.39,4.4(18 ratings)
Basic Data Analysis with Java,www.udemy.com/course/basic-data-analysis-with-java/,Packt Publishing,124.99,11.39,3.7(8 ratings)
Practical tips for beginner analysts,www.udemy.com/course/practical-tips-for-beginner-analysts/,Paulina Dolata,29.99,11.39,0.0(0 ratings)
Building a Big Data Analytics Stack,www.udemy.com/course/building-a-big-data-analytics-stack/,Packt Publishing,124.99,11.39,0.0(0 ratings)
Data Analysis Made Easy - Learn Hive & Pig,www.udemy.com/course/data-analysis-made-easy-learn-hive-pig/,Abhishek Roy,19.99,11.99,3.5(28 ratings)
SGLearn@R Programming: Adv Analytics In R for Data Science,www.udemy.com/course/sglearnr-programming-adv-analytics-in-r-for-data-science/,SuperDataScience Singapore,0,199.99,0.0(0 ratings)
Data Analysis and Machine Learning with R,www.udemy.com/course/data-analysis-and-machine-learning-with-r/,Packt Publishing,199.99,11.39,3.0(1 rating)
Compstat Analytics,www.udemy.com/course/compstat-analytics-let-the-numbers-do-the-talking/,Charles Rambo,74.99,11.39,4.9(4 ratings)
R Data Analysis Solutions - Machine Learning Techniques,www.udemy.com/course/r-data-analysis-solutions-machine-learning-techniques/,Packt Publishing,124.99,11.39,4.0(3 ratings)
Learn Data Analysis using Pandas and Python (Module 2/3),www.udemy.com/course/learn-data-analysis-using-pandas-and-python/,Rakesh Gopalakrishnan,0,Free,4.2(451 ratings)
Google Analytics Basics For Beginners Free -2018,www.udemy.com/course/google-analytics-basics-for-beginners-free/,Nikhil Parachure,0,Free,4.0(397 ratings)
Fundamentals Data Analysis & Decision Making Models - Theory,www.udemy.com/course/data-analysis-decision-making-model-dashboards-using-excel/,Manish Gupta,0,Free,3.7(449 ratings)
Introduction to Hotjar,www.udemy.com/course/hotjar-hero/,Colin Longworth,0,Free,4.4(148 ratings)
Introduction to Data Analysis for Government,www.udemy.com/course/introduction-to-data-analysis-for-government/,Socrata Data Academy,0,Free,4.1(412 ratings)
Lean Analytics Workshop - Alistair Croll and Ben Yoskovitz,www.udemy.com/course/lean-analytics-workshop-alistair-croll-and-ben-yoskovitz/,Lean Analytics,0,Free,4.3(838 ratings)
【ゼロから始めるデータ分析】 ビジネスケースで学ぶPythonデータサイエンス入門,www.udemy.com/course/optworks_1/,株式会社SIGNATE （旧株式会社オプトワークス）,164.99,11.99,"4.3(2,169 ratings)"
Curso Completo Power BI Desktop - Última versión de Power BI,www.udemy.com/course/curso-completo-power-bi/,Diego Lopez,149.99,11.99,4.5(868 ratings)
Python para Finanças: Investimentos & Análise de Dados,www.udemy.com/course/python-para-financas-investimentos-analise-de-dados/,365 Careers,199.99,11.99,4.6(698 ratings)
【R言語をゼロから理解していく】データサイエンスの実践例から学ぶデータ分析入門,www.udemy.com/course/r-datascience/,Yutaka Kataoka,39.99,11.99,4.2(390 ratings)
【数字を味方につける】ビジネスの現場で使えるデータ分析入門,www.udemy.com/course/data_nyumon/,齋藤 健太,89.99,22.50,4.2(23 ratings)
Google Analytics 2019 - Podstawy Analityki Internetowej,www.udemy.com/course/analityka-internetowa/,Michał Lubaszewski,44.99,11.99,4.4(124 ratings)
超実践！「Rで学ぶビジネスデータ分析」講座,www.udemy.com/course/r-zesrpe/,Ichiro Takahashi,164.99,11.99,4.2(173 ratings)
【1日で習得】技術者のためのPythonデータ分析,www.udemy.com/course/1day_course_of_python_data_analysis_for_engineers/,Tetsuya T,89.99,11.99,4.4(506 ratings)
"Analiza Danych - Podstawy, Teoria i Praktyka",www.udemy.com/course/analiza-danych/,Maciej Rychlicki,199.99,11.99,3.6(284 ratings)
医師が教えるR言語での医療データ分析入門,www.udemy.com/course/data-analysis-by-r-for-medical-profession/,Norimitsu Nishida,29.99,11.99,4.5(171 ratings)
Excel Pivot Tabellen: Meistere Datenanalysen und Dashboards,www.udemy.com/course/excel-pivot-tabelle-und-datenanalyse-mit-dashboards/,Georg Lasar,179.99,11.99,4.8(13 ratings)
Comienza con R: Curso de R para Principiantes,www.udemy.com/course/comienza-con-r-curso-de-r/,Sebastian Tunnell,99.99,11.99,4.4(385 ratings)
Avanzando con la analítica digital: Google Analytics y GTM,www.udemy.com/course/analitica-digital-google-analytics-tag-manager-avanzado/,Marco Russo,199.99,11.99,4.3(41 ratings)
Analítica Web con Google Analytics,www.udemy.com/course/analitica-web-con-google-analytics/,Raúl Liñán,119.99,11.99,4.3(102 ratings)
Análisis robusto de datos en R y Matlab,www.udemy.com/course/analisis-robusto-de-datos-en-r-y-matlab/,Elisa Cabana Garceran del Vall,199.99,11.99,4.6(5 ratings)
Devexpress Dashboard ile İş Zekası ve Veri Analitiği,www.udemy.com/course/devexpress-dashboard-ile-is-zekasi/,Ömer Çolakoğlu,174.99,11.39,4.9(217 ratings)
Wprowadzenie do data science w języku Python - Pandas,www.udemy.com/course/wprowadzenie-data-science/,Paweł Krakowiak,19.99,11.39,4.9(19 ratings)
Construindo Dashboards com KPIs que geram Insights,www.udemy.com/course/dashboards_excel/,Cristina Gramani,19.99,11.39,4.2(27 ratings)
Google Analytics Grundlagen 2020,www.udemy.com/course/google-analytics-grundlagen/,Jens Walther,89.99,11.39,4.3(30 ratings)
Manipulação e Análise de Dados com Pandas - Python,www.udemy.com/course/manipulacao-e-analise-de-dados-com-pandas-python/,"Rafael F. V. C. Santos, Ph.D.",174.99,11.39,4.5(14 ratings)
Estadística para todos. Análisis de datos y Toma de decisión,www.udemy.com/course/estadistica-para-todos-analisis-de-datos-y-toma-de-decision/,Esther Morales,199.99,11.39,4.0(72 ratings)
Análise de Dados com R Studio,www.udemy.com/course/analise-de-dados-com-r-studio-modulo-1/,"Humberto Elias Garcia Lopes, Ph.D.",179.99,11.39,4.4(20 ratings)
社会人のためのPython活用術,www.udemy.com/course/python-wc/,大内 雅晴,199.99,11.39,3.7(246 ratings)
Google Analytics para principiantes en español,www.udemy.com/course/google-analytics-espanol/,Carlos Ignacio Rojas Durán,19.99,11.39,4.3(123 ratings)
【R言語でらくらく解析】ビジネスマンのためのデータ分析入門,www.udemy.com/course/datum_studio_1/,Datum Studio 株式会社,84.99,11.39,4.4(49 ratings)
¡Contar historias con datos!,www.udemy.com/course/data-storytelling-now/,Cientificas de Datos,0,19.99,4.4(85 ratings)
Fundamentos de Análisis de Datos para Empresas,www.udemy.com/course/fundamentos-de-analisis-de-datos-para-empresas/,Armando Alfonzo Torres,99.99,11.39,4.4(11 ratings)
Einführung in Power Pivot,www.udemy.com/course/einfuehrung-in-power-pivot/,Holger Gubbels,89.99,11.39,4.5(33 ratings)
Python Pandas desde cero a Intermedio!,www.udemy.com/course/python-pandas-desde-cero-a-intermedio/,Fabio Gomez,24.99,11.39,4.5(44 ratings)
Analise Exploratória de Dados,www.udemy.com/course/analise-exploratoria-de-dados/,Fernando Amaral,19.99,11.39,3.8(80 ratings)
Curso de tabela dinâmica no Excel - Prático e rápido!,www.udemy.com/course/curso-de-tabela-dinamica-no-excel-pratico-e-rapido/,Aylton Inacio,89.99,11.39,4.5(68 ratings)
Tablas dinámicas y análisis de datos e hipótesis con Excel,www.udemy.com/course/analisis-de-datos-e-hipotesis-con-excel-2013/,Daniel Burrueco,29.99,11.99,4.5(321 ratings)
Análisis de datos con Google Data Studio - Nivel Avanzado,www.udemy.com/course/analisis-de-datos-con-google-data-studio-nivel-avanzado/,Skeyon Formación,24.99,11.99,4.2(5 ratings)
Análise e Cultura de Dados,www.udemy.com/course/analise-e-cultura-de-dados/,BIX Tecnologia Business Intelligence,199.99,11.99,4.0(14 ratings)
Curso Avanzado para Base de Datos Excel,www.udemy.com/course/curso-de-herramientas-para-base-de-datos-excel/,Cristian Silva Alvarez,29.99,11.99,4.3(29 ratings)
Kurs Tworzenia Stron WWW MEGAPACK,www.udemy.com/course/kurs-tworzenia-stron-www/,Mepi.pl Video Tutorials,179.99,11.99,4.2(24 ratings)
Młodszy Analityk,www.udemy.com/course/mlodszyanalityk/,Szkoła Analityków,0,199.99,0.0(0 ratings)
비전공자를 위한 실전통계분석 강의 with R,www.udemy.com/course/with-r-v/,KK Park,69.99,11.99,3.6(32 ratings)
Google Analytics の使い方,www.udemy.com/course/how-to-use-google-analytics/,石崎力也 (RIKIYA ISHIZAKI),199.99,11.99,3.1(12 ratings)
Verilerle Çalışma Eğitimi |Excel 'de Veri Analizi Öğrenin,www.udemy.com/course/ms-excel-adan-zye-pivot-tablolarpivot-tabloda-uzmanlas/,Oğuzhan ÇOLAK,94.99,11.99,4.2(17 ratings)
Usando Python para Análise de Dados,www.udemy.com/course/usando-python-para-analise-de-dados/,Evaldo Wolkers,39.99,11.99,4.3(16 ratings)
Aprende R: Curso de Introducción a Data Science,www.udemy.com/course/aprende-r/,Erik McDonald,34.99,11.99,4.4(27 ratings)
Análise de Informações para o TCU,www.udemy.com/course/analise-de-informacoes-para-o-tcu/,Marcio Victorino,0,74.99,4.3(34 ratings)
Tableau ile Veri Görselleştirme & Veri Analizi,www.udemy.com/course/tableau-ile-veri-gorsellestirme-veri-analizi/,Baris Yalcinkaya,19.99,11.99,3.8(122 ratings)
Análise de dados: Domine a manipulação de dados no R,www.udemy.com/course/domine-a-manipulacao-de-dados-no-r/,Leonardo Henrique Oliveira Pena,109.99,11.99,3.6(23 ratings)
ABC-XYZ-Analyse - Artikelklassifizierung mit Excel,www.udemy.com/course/abc-xyz-analyse-artikelklassifizierung-mit-excel/,Dustin Beier,89.99,11.99,5.0(5 ratings)
20779 Analyzing Data with Excel in Arabic لغة عربية,www.udemy.com/course/20779-analyzing-data-with-excel-in-arabic/,Wasim Airod,199.99,11.99,0.0(0 ratings)
Python数据分析与科学计算数据可视化篇：Matplotlib和Seaborn  从入门到实战,www.udemy.com/course/pythonmatplotlibseaborn/,Tony Guan,99.99,11.39,3.5(1 rating)
Estatística Fácil: Distribuição Binomial,www.udemy.com/course/variaveisdiscretas-binomial/,Isaías Lira,149.99,11.39,3.8(4 ratings)
Adatelemzés alapjai,www.udemy.com/course/muszaki-adatelemzes-alapjai-statisztika-valoszinusegszamitas/,Dániel Csíkos,39.99,11.39,4.7(34 ratings)
Fundamentos del Análisis de Puntos de Función,www.udemy.com/course/fundamentos-del-analisis-de-puntos-de-funcion/,Fatto Consultoría y Sistemas,19.99,11.39,5.0(2 ratings)
Curso Especializado de PowerPivot con Dashboard para Excel,www.udemy.com/course/curso-especializado-de-powerpivot-para-excel-avanzado/,Cristian Silva Alvarez,69.99,11.39,4.5(27 ratings)
Python数据分析实战篇：从数据搜集到数据可视化一步一步完成一个二手房价数据分析,www.udemy.com/course/python-i/,Tony Guan,99.99,11.39,3.0(1 rating)
Análisis de Datos con R y RStudio,www.udemy.com/course/data-science-con-r-rstudio/,Jorge Ubero,49.99,11.39,3.0(4 ratings)
Magia Negra en Análisis de Datos con Excel,www.udemy.com/course/magia-negra-en-analisis-de-datos-con-excel/,Info Artist,24.99,11.39,3.5(19 ratings)
Data Science Bootcamp w języku Python - od A do Z,www.udemy.com/course/data-science-bootcamp-python/,Paweł Krakowiak,19.99,11.39,0.0(0 ratings)
Iniciandose en R,www.udemy.com/course/iniciandose-en-r/,Edar Onam Pech Santiago,19.99,11.39,4.1(55 ratings)
Introduction to Data analysis and visualization in python,www.udemy.com/course/introduction-to-data-analysis-and-visualization-in-python/,Youssef Salah,19.99,11.39,5.0(1 rating)
Curso de Google Analytics - Desde 0 - Principiantes,www.udemy.com/course/curso-de-google-analytics-para-novatos/,David Sáez,29.99,11.39,3.6(23 ratings)
Instala Google Analytics Universal con Google Tag Manager,www.udemy.com/course/instala-google-analytics-con-google-tag-manager/,Fernando Gavarrón Correas,44.99,11.39,3.7(25 ratings)
Experto en Analisis de Datos con Excel,www.udemy.com/course/experto-en-analisis-de-datos-con-excel/,Javier Figueroa,34.99,11.39,3.3(4 ratings)
Análisis de Datos en Excel 2016,www.udemy.com/course/analisis-de-datos-en-excel-2016/,Claudio Gutierrez,24.99,11.39,3.3(2 ratings)
Sıfırdan R dili ilə Biznes  Analitikası,www.udemy.com/course/sifirdan-r-dili-ile-biznes-analitikasi/,Xasay Mirzəli,19.99,11.39,0.0(0 ratings)
ビジネスに最低限必要なExcelスキルだけ磨く！データ分析基本編,www.udemy.com/course/excel-bz/,蛭川 速,89.99,11.39,0.0(0 ratings)
Workshop Semana da Integração de Dados,www.udemy.com/course/semana-da-integracao-de-dados/,Oncase Tecnologia da Informação,19.99,11.39,0.0(0 ratings)
Data Analysis through Excel (in Hindi),www.udemy.com/course/data-analysis-through-excel-in-hindi/,Shiv Kumar Agrawal,0,Free,3.9(39 ratings)
Curso Google Tag Manager - GTM - Essencial na Prática,www.udemy.com/course/curso-google-tag-manager-gtm-essencial-na-pratica/,John Martin,0,Free,4.0(229 ratings)
管理數學 Management Math :解決管理問題的數學,www.udemy.com/course/managementmath/,Lee Bor-Jian,0,Free,4.3(58 ratings)
Datu analīze vadītājiem,www.udemy.com/course/datu-analize-vaditajiem/,Aldis Erglis,0,Free,4.8(9 ratings)
Introducción a Tecnologías del Desarrollo con los Mejores,www.udemy.com/course/masters-desarrollo/,Juan Gabriel Gomila Salas,0,Free,4.7(484 ratings)
