Course,URL,instructor,Price (full),Price (discount),Rank,Category 1,Category 2,Category 3,Enrollment,Language,Description,Last Update,Date Scraped
Pianoforall - Incredible New Way To Learn Piano & Keyboard,www.udemy.com/course/pianoforall-incredible-new-way-to-learn-piano-keyboard/,Robin Hall,199.99,11.99,"4.7(25,015 ratings)",Music,Instruments,Piano,"212,777",English,"Learn Piano in WEEKS not years. Play-By-Ear & learn to Read Music. Pop, Blues, Jazz, Ballads, Improvisation, Classical",1/2019,01/01/20
Pianoforall - 'Classics By Ear' - Erik Satie,www.udemy.com/course/pianoforall-classics-by-ear-erik-satie/,Robin Hall,169.99,11.99,4.6(461 ratings),Music,Instruments,Piano,"4,800",English,An incredible new way to learn classical piano - from the creator of best selling piano course Pianoforall,12/2018,01/01/20
The Complete Piano Course - Master The Piano,www.udemy.com/course/the-complete-piano-course/,Iliya Ryakhovskiy,94.99,11.99,"4.4(1,126 ratings)",Music,Instruments,Piano,"10,493",English,A full guide on learning how to use every single note on the piano.,12/2016,01/01/20
Learn piano or keyboard from scratch - Complete piano course,www.udemy.com/course/learn-to-play-the-piano-from-scratch/,Martin Cohen,199.99,11.99,4.5(489 ratings),Music,Instruments,Piano,"5,751",English,"Piano lessons/ keyboard lessons for beginners. Complete piano course,reading music, improvisation, music theory, chords.",12/2019,01/01/20
How to play Piano - Go from a Beginner/Intermediate to a Pro,www.udemy.com/course/how-to-play-piano-go-from-a-beginnerintermediate-to-a-pro/,Oluwayanmife (Also Known as Yummy) Akintola,199.99,11.99,4.1(662 ratings),Music,Instruments,Piano,"12,149",English,"A Complete 40 Hours+ Piano Course | Learn about Scales , Chords , Playing piano by ear , Music Theory & more lessons !",11/2019,01/01/20
Piano Fastlane -  From ZERO to HERO with Piano & Keyboard,www.udemy.com/course/piano-fastlane/,Simon Kirkils,199.99,11.99,4.5(499 ratings),Music,Instruments,Piano,"4,506",English,The Platform's biggest Piano Course - lessons to play by ear & to read sheet music: from Pop or Classic to Improvisation,7/2019,01/01/20
The Complete Piano & Music Theory Beginners Course,www.udemy.com/course/piano-lessons-music-theory-beginners-course/,Musicians Inspired,99.99,11.99,"4.3(1,442 ratings)",Music,Instruments,Music Theory,"14,875",English,"Learn all piano and music theory basics quickly, and save big on months of initial private lessons!",1/2018,01/01/20
The Heavenly Piano Masterclass - Piano Improvisation Mastery,www.udemy.com/course/heavenlypianomasterclass/,Mark Shian,124.99,11.99,4.6(70 ratings),Music,Instruments,Piano,555,English,"Get from Beginner to Advanced, Master Piano Improvisation, Discover your Greatest Potential on Stage and in the Studio.",5/2019,01/01/20
Piano for Singer/Songwriters | Write Songs and Perform Live!,www.udemy.com/course/pianoforsingersongwriters/,Musicians Inspired,99.99,11.99,4.7(672 ratings),Music,Instruments,Piano,"6,658","English
 ","Perform and sing your favorite songs on the piano! Step by step, easy to follow modern keyboard lessons for beginners",1/2018,01/01/20
Beginner Piano,www.udemy.com/course/beginner-piano/,Benedict Westenra,29.99,11.99,4.7(497 ratings),Music,Instruments,Piano,"3,250",English,"Master keyboard fundamentals by learning popular tunes from ""the best piano teacher in London""",4/2019,01/01/20
Learn Jazz Piano Today,www.udemy.com/course/learn-jazz-piano-with-willie-today/,Willie Myette,49.99,11.99,4.3(320 ratings),Music,Instruments,Jazz,"3,273",English,"Rich piano chords, bass line and improvisation using a 12-bar blues. Take your piano playing to the next level.",7/2018,01/01/20
An Accelerated Piano Course for Beginners - Piano Lessons,www.udemy.com/course/an-accelerated-piano-course-for-beginners/,Carl Eden,79.99,11.99,4.7(19 ratings),Music,Instruments,Piano,732,English,"Piano lessons for beginners, reading music, learn to play piano, course includes primer book, experienced piano teacher",8/2019,01/01/20
Piano For Singer/Songwriters 2: Pop/Rock Rhythm Immersion,www.udemy.com/course/piano-singersongwriter-rhythm/,Musicians Inspired,99.99,11.99,4.6(170 ratings),Music,Instruments,Piano,"2,269",English,"Master Pop/Rock keyboard playing through Rhythm Immersion, develop strong internal rhythm and build hand independence",1/2018,01/01/20
EASY PIANO CHORDS: My 'shapes' shortcut to playing piano now,www.udemy.com/course/piano-hack-28-chords-in-under-an-hour/,Simon Glenister,94.99,11.99,4.6(181 ratings),Music,Instruments,Piano,"2,111",English,"Baffled by piano? Here's how it should be explained, no confusing notation - just easy to remember shape shortcuts",9/2019,01/01/20
Intermediate to Advanced Piano Course; Become a Top Pianist,www.udemy.com/course/intermediate-to-advanced-piano-course-become-a-top-pianist/,Oluwayanmife (Also Known as Yummy) Akintola,199.99,11.99,4.4(64 ratings),Music,Instruments,Piano,"6,068",English,"Piano lessons that teach about extended piano Chords like 9th, 11th & 13th Chords, Chord Voicings,Progressions & More!",11/2019,01/01/20
Ear Training - Develop Your Listening Skills on the Piano,www.udemy.com/course/train-your-musical-ear-hear-a-notechordsong-play-it/,Arthur Bird,49.99,11.99,4.5(46 ratings),Music,Music Fundamentals,Piano,544,English,Heard a song you love? Learn the skills to play Piano by ear. Essential beginners course for the Piano/Keyboard.,10/2018,01/01/20
Piano: The Chord Based System - Learn To Play As The Pros Do,www.udemy.com/course/learn-popular-piano-successfully-have-fun-making-music-now/,Stan Prentice,114.99,11.99,4.3(86 ratings),Music,Instruments,Piano,944,English,"Learn to play piano using beautiful-sounding, embellished chords. Quick & easy from a pro with 40+ years entertaining.",4/2018,01/01/20
Quicklessons Piano Course - Learn to Play Piano by Ear!,www.udemy.com/course/quicklessons-piano-course-learn-to-play-piano-by-ear/,Ozie Cargile,199.99,11.99,4.2(395 ratings),Music,Instruments,Piano,"7,771",English,Imagine playing piano by ear. How would that improve your music? Understand the theory and improvise your own songs.,6/2015,01/01/20
Complete Piano Course for Beginners (by ear and by score),www.udemy.com/course/piano-course-luciano-alves/,Luciano Alves,99.99,11.99,4.7(78 ratings),Music,Instruments,Piano,588,English,"Learn piano and keyboards with teacher, pianist and composer Luciano Alves (over 30 years of experience)",11/2019,01/01/20
Piano Lessons For Beginners: Learn Piano Quickly And Easily,www.udemy.com/course/pianolessons/,Mantius Cazaubon,74.99,11.99,4.5(176 ratings),Music,Instruments,Piano,872,English,"Learn How To Play Piano And Keyboard The Fun, Fast and Easy Way. A New Approach To Learning Piano.",2/2016,01/01/20
Learn Piano Today: How to Play Piano Keyboard for Beginners,www.udemy.com/course/learnpianotoday/,David Brogan M.Mus.,199.99,11.99,4.4(130 ratings),Music,Instruments,Piano,"6,649",English,Play piano or keyboard today both hands together. No prior ability to read music. Entire pieces from the first lessons.,6/2015,01/01/20
"Piano Exercises - Scales, Arpeggios, Octaves, Chords, Hanon",www.udemy.com/course/piano-exercises-scales-arpeggios-octaves-chords-hanon/,Emma Leiuman,0.0,39.99,4.9(9 ratings),Music,Instruments,Piano,114,English,For Advanced Pianists who are interested in new efficient ways of practice where mental practice meets physical approach,8/2019,01/01/20
Piano With Willie: Blues n' Boogie Vol. 1,www.udemy.com/course/piano-with-willie-blues-n-boogie-vol-1/,Willie Myette,39.99,11.99,4.4(112 ratings),Music,Instruments,Piano,701,English,Learn Blues n' Boogie piano and unlock your piano potential today!,4/2016,01/01/20
Piano Fast Track: Learn how to play piano,www.udemy.com/course/piano-fast-track-learn-how-to-play-piano/,Matthew Clayton,199.99,11.99,5.0(1 rating),Music,Instruments,Piano,80,English,An easy course that will help you play the piano/keyboard like a professional in only weeks of practice,8/2019,01/01/20
Learn Piano for Beatmakers and Producers,www.udemy.com/course/learn-piano-for-beatmakers-and-producers/,Riley Weller,199.99,11.99,4.7(58 ratings),Music,Instruments,Piano,"4,883",English,"Beatmakers and classical piano players have different goals, so learn to improvise on the piano as a BEATMAKER.",6/2019,01/01/20
Just chords Piano: Learn to Play Piano Quickly - No Music,www.udemy.com/course/just-chords-piano/,Jackie Clark,84.99,11.99,4.8(64 ratings),Music,Instruments,Piano,"2,631",English,"Play piano with chords, the fast, easy way to play piano like the pro's do, playing by ear and no sheet music to learn.",10/2015,01/01/20
Improve Piano Sight Reading - Mentally Hear Music from Score,www.udemy.com/course/improve-piano-sight-reading-mentally-hear-music-from-score/,Emma Leiuman,0.0,24.99,5.0(6 ratings),Music,Instruments,Piano,26,English,Master ADVANCED SIGHT READING with simple exercises designed to start reading the score on absolutely new level,8/2019,01/01/20
Piano Improvisation from Day One,www.udemy.com/course/piano-improvisation-from-day-one/,Peter Janzen,19.99,11.99,4.4(95 ratings),Music,Instruments,Piano,"1,681",English,"Learn Piano Inventing Melodies and Rhythms with Scales, Chords and Cadences",2/2014,01/01/20
Piano With Willie: Blues n' Boogie Vol. 2,www.udemy.com/course/piano-with-willie-blues-n-boogie-vol-2/,Willie Myette,39.99,11.99,4.7(30 ratings),Music,Instruments,Piano,484,English,Learn to play Blues n' Boogie on the piano,4/2016,01/01/20
World's Fastest Piano Method - The Piano Revolution!,www.udemy.com/course/decplay-the-fastest-way-to-learn-piano/,Declan Cosgrove,0.0,199.99,4.0(112 ratings),Music,Instruments,Piano,"1,511",English,Incredibly quick way to learn piano - revolutionary method - join the thousands of DecPlay students.,11/2018,01/01/20
RUNdamentals: The Essential Modern Piano Runs Guide,www.udemy.com/course/rundamentals/,Musicians Inspired,74.99,11.99,4.0(88 ratings),Music,Music Techniques,Piano,"1,998",English,Spice up your playing with advanced piano runs! Enjoy fun contemporary keyboard lessons,6/2016,01/01/20
Piano Boot Camp 1 - Master the Basics of Beginning Piano,www.udemy.com/course/piano-boot-camp/,The Piano Keys,129.99,11.99,4.4(184 ratings),Music,Music Fundamentals,Piano,803,English,Learn Piano And Note Reading In Just 10 Minutes A Day! A Fun And Simple Method For Absolute Beginner Pianists.,10/2017,01/01/20
Rock'n'Roll Piano For Beginners,www.udemy.com/course/rocknroll-piano-for-beginners/,Randy Richter,39.99,11.99,4.8(55 ratings),Music,Other,Piano,322,English,Learn how to get started playing exciting authentic 1950s Rock'n'Roll on the piano,4/2018,01/01/20
Piano Lessons | From Beginner to Intermediate,www.udemy.com/course/piano-lessons-for-beginner-and-intermediate/,Jing Li,149.99,11.99,4.7(8 ratings),Music,Instruments,Piano,59,English,Make your dream come true and learn to play the piano today! Piano lessons from concert pianist Jing Li,3/2019,01/01/20
Piano Boot Camp 2 - Beyond the Basics for Beginning Pianists,www.udemy.com/course/piano-boot-camp-2/,The Piano Keys,129.99,11.99,4.9(32 ratings),Music,Instruments,Piano,332,English,"Learn to Read and Play Rhythms, and Other Music Notations. Uplevel your Piano Playing With Pedaling and Dynamics",10/2019,01/01/20
Piano From Zero To Pro - Beginner Essentials To The Piano,www.udemy.com/course/piano-from-zero-to-pro-beginner-essentials-to-play-by-ear-amosdoll/,Amosdoll Music,69.99,11.99,4.0(319 ratings),Music,Instruments,Piano,"1,451",English,Learn all of Amosdoll's Beginners fundementals before preparing on how to play ANY song by ear without guessing,8/2016,01/01/20
Playing Piano By Ear: Complete Guide for Aspiring Musicians,www.udemy.com/course/learn-piano-by-ear/,Roy Denton,149.99,11.99,3.9(74 ratings),Music,Instruments,Piano,707,English,Learn to play the piano by ear and to read chord charts. Practical lessons anyone can learn.,12/2015,01/01/20
Ballad Master - Ballad Style Piano Course,www.udemy.com/course/ballad-master/,Sergei Filimonov,0.0,49.99,4.4(11 ratings),Music,Instruments,Piano,51,English,The fascinating magic of the Ballad Style on the piano,12/2017,01/01/20
Piano for Your Little Ones - Beginner Piano Lessons for Kids,www.udemy.com/course/piano-for-your-little-one-4-5years-old/,Cindy Su,19.99,11.99,3.9(8 ratings),Music,Instruments,Piano,76,English,"Best Piano Lessons for Kids - Fun, Clear, Engaging and Easy to Follow Piano Lessons for Your Little Ones!",12/2017,01/01/20
Piano Finger Exercise Lessons,www.udemy.com/course/piano-finger-exercises/,Micah Blake,199.99,11.99,4.6(22 ratings),Music,Music Techniques,Piano,607,English,An Easy guide for beginners to advanced students to get their fingers to respond to their every thought.,8/2018,01/01/20
Easy Piano Chopin Nocturne Op. 9 No. 2 Piano Tutorial,www.udemy.com/course/learn-to-play-chopin-nocturne-op-9-no-2-easy-piano/,The Piano Keys,34.99,11.99,4.6(12 ratings),Music,Instruments,Piano,53,English,"Learn by Watching, for Beginner Through Advanced Pianists. Includes Pedaling. Start Playing From the First Lesson.",7/2019,01/01/20
Essential Piano and Keyboard Exercises,www.udemy.com/course/essential-piano-and-keyboard-exercises/,Willie Myette,29.99,11.99,4.8(18 ratings),Music,Music Techniques,Piano,248,English,Get faster at the piano and improve your improvisation skills with these 6 arpeggio exercises.,2/2018,01/01/20
Play Piano or Keyboard from Chord Charts (with Music Theory),www.udemy.com/course/play-piano-or-keyboard-from-chord-charts/,Matthias Jäger,119.99,11.99,4.8(8 ratings),Music,Music Fundamentals,Piano,30,English,Learn how to play pop or worship songs from chords - and lay the groundwork for improvisation.,8/2019,01/01/20
Cocktail Piano,www.udemy.com/course/cocktail-piano-basics-1/,Willie Myette,34.99,11.99,4.4(10 ratings),Music,Instruments,Piano,209,English,"Create introductions, endings, solos, multiple accompaniment styles and concepts you can apply to your arrangements!",1/2018,01/01/20
"Piano With Willie: Learn to Play ""Let It Snow"" on Piano",www.udemy.com/course/learn-to-play-let-it-snow-on-piano/,Willie Myette,39.99,11.99,5.0(8 ratings),Music,Instruments,Piano,87,English,âLet It Snowâ Playing From A Lead Sheet,10/2016,01/01/20
Easy Piano Basics for Beginners,www.udemy.com/course/corepiano/,Willie Myette,54.99,11.99,4.9(15 ratings),Music,Instruments,Piano,124,English,CorePiano teaches you the essential elements! These lessons will get you up to speed for your best piano experience!,4/2018,01/01/20
Piano With Willie: Blues n' Boogie Vol. 3,www.udemy.com/course/piano-with-willie-blues-n-boogie-vol-3/,Willie Myette,39.99,11.99,4.4(14 ratings),Music,Instruments,Piano,340,English,Learn to play Blues n' Boogie on the piano,4/2016,01/01/20
Virtuosic technique of piano play in 12 minutes a day,www.udemy.com/course/virtuosic-technique-of-piano-play-in-12-minutes-a-day/,Sergei Filimonov,0.0,19.99,4.7(48 ratings),Music,Instruments,Piano,"1,945",English,"Learn how to play on the piano fast, without investing too much time",11/2017,01/01/20
EasyPianoHacks | How to Learn Difficult Piano Songs Fast,www.udemy.com/course/easypianohacks-how-to-learn-difficult-piano-songs-fast/,Lucien Lu,199.99,11.99,4.5(12 ratings),Music,Instruments,Piano,"1,634",English,Sight reading secrets to help you read any piano music fast. Save months of time without expensive private lessons.,12/2018,01/01/20
Structural Hearing - Phrasing and Form in Piano Playing,www.udemy.com/course/structural-hearing-phrasing-and-form-in-piano-playing/,Emma Leiuman,0.0,29.99,5.0(2 ratings),Music,"Instruments
 ",Piano,9,English,This course has NOTHING to do with traditional THEORY that is not enough to help pianists play piano well.,8/2019,01/01/20
Piano With Willie Building Technique with Scales Vol. 1,www.udemy.com/course/piano-with-willie-technique-builder-vol-1/,Willie Myette,39.99,11.99,4.8(68 ratings),Music,Instruments,Piano,381,English,Learn to practice your piano scales,4/2016,01/01/20
Piano With Willie: Piano Lesson Variety,www.udemy.com/course/piano-lesson-variety/,Willie Myette,39.99,11.99,4.9(7 ratings),Music,Instruments,Piano,181,English,A guide to piano technique and theory,8/2016,01/01/20
Piano Lessons for Beginners: Play the Piano AND Read Music!,www.udemy.com/course/your-first-10-piano-pieces/,Simon Halliday,79.99,11.99,4.7(86 ratings),Music,Instruments,Piano,375,English,Beginner piano lessons with an experienced teacher,8/2018,01/01/20
Master Class # 11:  Play Piano Techniques Learn Piano 1 to10,www.udemy.com/course/learn-piano-11-play-piano-techniques-master-class-1-to10/,Rosa Suen,199.99,11.99,4.4(16 ratings),Music,Instruments,Piano,"2,249",English,Use these 70+ piano techniques to play beautiful music arrangement to a song. Add color tones for extra mood & tension.,10/2019,01/01/20
Easy Piano for Kids - Complete Beginner Piano Course,www.udemy.com/course/easy-piano-for-kids-pinogi/,Dilhan Sener,114.99,11.99,3.9(36 ratings),Music,Instruments,Piano,389,English,Become your kid's first piano instructor!Learn how to teach your kid play piano with this really easy-to-follow course.,9/2015,01/01/20
PianoFox - Master the Piano | From Beginner to Pro,www.udemy.com/course/pianofox-piano-keyboard-masterclass-for-beginners/,Celine Fox,189.99,47.50,4.6(18 ratings),Music,Instruments,Piano,"1,895",English,"Master beginning piano the SMART way with a new and easy, step-by-step series of fun and engaging lessons",1/2018,01/01/20
"Learn To Play The Piano Using Pop, R&B and Gospel Chords",www.udemy.com/course/learn-to-play-the-piano-using-pop-rb-and-gospel-chords/,Andrae Alexander,49.99,11.99,4.8(24 ratings),Music,Instruments,Piano,"1,601",English,"A piano course for those who want to write their own music, play songs from the radio or accompany themselves.",10/2013,01/01/20
Playing Piano: Scales and Arpeggios Vol.I : Major keys,www.udemy.com/course/playing-piano-major-scales-and-arpeggios-voli/,Ilse Lozoya,49.99,11.99,4.9(9 ratings),Music,Instruments,Piano,"2,707",English,Stop struggling and do play them all,11/2019,01/01/20
"Creative Piano Arts: How To Play Groovy Latin Piano, Module1",www.udemy.com/course/latin-piano-module1/,Jürgen Glenk,69.99,11.99,4.1(6 ratings),Music,Instruments,Piano,70,English,"Salsa, Bossa & Co: Spice Up Your Piano Playing!",9/2019,01/01/20
Instant Piano - Master the Basics of Beginning Piano,www.udemy.com/course/instant-piano-the-fast-track-for-beginners/,The Piano Keys,149.99,11.99,4.6(21 ratings),Music,Instruments,Piano,113,English, Everything You Need To Start Playing Piano Today. Learn To Read Music And Play The Natural Way By Watching and Doing,12/2018,01/01/20
Develop your improvisation skills on the Piano,www.udemy.com/course/develop-your-improvisation-skills-on-the-piano/,Oluwayanmife (Also Known as Yummy) Akintola,199.99,11.99,4.5(1 rating),Music,Instruments,Piano,17,English,How to improvise on the Piano,11/2019,01/01/20
"Play The Piano By Ear | Master Class, Learn By Doing",www.udemy.com/course/playing-piano-by-ear-master-course-learn-by-doing/,Kaiwen F.,174.99,11.99,4.1(82 ratings),Music,Instruments,Piano,701,English,"Join over 350 students to learn to play your favourite songs without sheet music, using the ""Learn By Doing"" method",7/2017,01/01/20
Beginner Piano - Learn 36 Popular Songs in Just 5 Days,www.udemy.com/course/beginner-piano-learn-36-popular-songs-in-just-5-days/,Jacques Hopkins,19.99,11.99,4.3(58 ratings),Music,Instruments,Piano,509,English,You have the ability to play popular songs on the piano inside you. Let me help you unlock it in just 5 days!,7/2018,01/01/20
Piano With Willie: Jazz & Gospel Exercises,www.udemy.com/course/piano-with-willie-jazz-gospel-exercises/,Willie Myette,39.99,11.99,4.2(12 ratings),Music,Instruments,Piano,206,English,Learn jazz & gospel exercises on the piano,4/2016,01/01/20
The Musicarta Pentatonics Workbook,www.udemy.com/course/the-musicarta-pentatonics-workbook/,Mister Musicarta,29.99,18.99,5.0(5 ratings),Music,Music Fundamentals,Piano,107,English,"Learn to hear, play and compose at the keyboard using the pentatonic scales",8/2019,01/01/20
Rock Piano 101 - Must-Have Chord Skills,www.udemy.com/course/rock-piano-101-must-have-chord-skills-you-need/,Willie Myette,34.99,11.39,4.7(15 ratings),Music,Instruments,Piano,181,English,Learn the basics to create your own rock piano arrangements! This lesson develops the chord skills you need for success.,3/2018,01/01/20
Create Arrangements from Lead Sheets and Fakebooks.,www.udemy.com/course/my-romance/,Willie Myette,39.99,11.39,4.8(21 ratings),Music,Instruments,Piano,133,English,Learn a step-by-step approach to creating full arrangements by learning chord shells and how to add notes under a melody,1/2018,01/01/20
Learn Piano #1 - Basic Harmony & 14 Piano Improvisation Tips,www.udemy.com/course/piano-reharmonization-method-kit-1-away-in-a-manger-level-1/,Rosa Suen,194.99,11.39,4.2(55 ratings),Music,Music Techniques,Piano,"3,214",English,Piano for Beginners: Learn Basic Chords & 14 Piano Tips to Improvise with Right Hand using Finger Tricks + Handshapes,10/2019,01/01/20
"Piano Zen: Experience Your True, Unlimited Musical Potential",www.udemy.com/course/piano-zen-relaxing-meditative-piano-lessons-for-beginners/,Thomas Rheingans,44.99,11.39,3.9(31 ratings),Music,Music Techniques,Piano,"1,520",English,"Piano Zen blends elements of tai chi, yoga, qi gong, & meditation with piano lessons to eliminate stress and frustration",5/2016,01/01/20
Piano With Willie: Learn 15 Blues Licks,www.udemy.com/course/learn-blues-licks-on-piano/,Willie Myette,39.99,11.39,4.6(14 ratings),Music,Instruments,Piano,199,English,Learn 15 blues licks on the piano that you can play over a 12 bar blues!,1/2018,01/01/20
Easy Piano Basics™,www.udemy.com/course/easy-piano-basics-with-willie/,Willie Myette,34.99,11.39,4.2(35 ratings),Music,Instruments,Piano,485,English,Learn piano playing essentials using the popular PianoWithWillie method...even if you've never played the piano before!,1/2014,01/01/20
Piano Technique Exercises Vol.1,www.udemy.com/course/piano-skills-improve-your-piano-technique/,Ilse Lozoya,49.99,11.39,4.1(25 ratings),Music,Instruments,Piano,"2,076",English,"Learn how to strenghten your fingers, control your sound and have a good position when you play.",11/2019,01/01/20
Piano With Willie: How to Improvise in 30 Minutes,www.udemy.com/course/improvise-on-the-piano-in-30-minutes/,Willie Myette,39.99,11.39,4.7(26 ratings),Music,Instruments,Piano,283,English,A Beginners Course On Improvisation,4/2019,01/01/20
Learn Piano with PianoCub - Level 1,www.udemy.com/course/pianocub-level1/,David Brown,19.99,11.39,5.0(2 ratings),Music,Instruments,Piano,13,English,Piano video tutorials and PDF lessons,11/2019,01/01/20
Piano With Willie: Basics of Improvisation,www.udemy.com/course/piano-with-willie-basics-of-improvisation/,Willie Myette,39.99,11.39,4.4(14 ratings),Music,Instruments,Piano,272,English,Learn to improvise on the piano today!,4/2016,01/01/20
Play Songs on the Piano FLUENTLY: Smooth Chord Changes,www.udemy.com/course/fluent-piano-songs/,Cooper - Guitar Songs Masters,59.99,11.39,4.3(47 ratings),Music,Instruments,Piano,"9,314",English,"Piano Beginners: Turn Your Song-Playing from Feeling Like ""Work"" to Feeling Like ""Pure, Expressive Fun"".",11/2019,01/01/20
Piano Technique Exercises Vol.2,www.udemy.com/course/piano-technique-exercises-vol2/,Ilse Lozoya,49.99,11.39,4.8(6 ratings), Music,Music Fundamentals,Piano,887,English,"Develop independent and strong fingers, control your sound and improve your dynamics",11/2019,01/01/20
Learn Piano #6 - Jazz Cocktail Sound 7b9 in Piano Bar Music,www.udemy.com/course/tap-into-smooth-jazz-cocktail-sound-in-piano-bar-music/,Rosa Suen,194.99,11.39,4.4(17 ratings),Music,Music Fundamentals,Piano,484,English,Learn Music Harmony on how to alter a tone in V7 piano chords to play cool jazzy music. Learn Piano Runs & Piano Fills.,10/2019,01/01/20
Piano for Singers: Quickly Learn to Accompany Yourself,www.udemy.com/course/piano-for-singers-quickly-learn-to-accompany-yourself/,Eve Williams MMus,39.99,11.39,4.0(11 ratings),Music,Instruments,Piano,137, English,Play Piano and Sing Live & Online with Self Sufficiency as an Artist,10/2018,01/01/20
The Musicarta Hanon,www.udemy.com/course/the-musicarta-hanon/,Mister Musicarta,19.99,18.99,5.0(3 ratings),Music,Music Techniques,Piano,61,English,A video presentation of these essential finger exercises.,1/2019,01/01/20
9 Principles of Fast Piano Learning | First Song In Minutes,www.udemy.com/course/learn-piano-in-2-hours-first-song-in-6-mins/,Thlalefo Moshanyana,19.99,11.39,4.9(2 ratings),Music,Instruments,Piano,8,English,Learn piano in the fastest internet course. Try it with our first free workbook and video.,9/2019,01/01/20
"Learn Piano Today: How to Play Blues, Rock & Boogie Keyboard",www.udemy.com/course/learn-how-to-play-blues-rock-boogie-woogie-piano-today/,David Brogan M.Mus.,99.99,11.39,4.4(24 ratings),Music,Instruments,Piano,"2,511",English,Master the basics of learning how to play Blues piano by ear in easy lesson tutorials utilising chords. Instant results.,10/2014,01/01/20
Piano With Willie Building Technique with Scales Vol. 2,www.udemy.com/course/piano-with-willie-technique-builder-vol-2/,Willie Myette,39.99,11.39,4.8(7 ratings),Music,Instruments,Piano,211,English,Learn to practice your piano scales,4/2016,01/01/20
Playing Piano Scales and Arpeggios Vol.2: Minor Keys,www.udemy.com/course/playing-piano-scales-and-arpeggios-vol2-minor-keys/,Ilse Lozoya,49.99,11.39,4.9(8 ratings),Music,Music Fundamentals,Piano,"1,520",English,Learn to play them all once for all,11/2019,01/01/20
"Advanced Rich Piano Chords with Tritones, Quartals and UST's",www.udemy.com/course/piano-with-willie-tritones-phat-chords/,Willie Myette,39.99,11.39,4.8(13 ratings),Music,Instruments,Piano,222,English,"For advanced players, learn how to get those rich piano chords under your fingers with easy techniques.",4/2016,01/01/20
PIANO INSPIRATION SERIES,www.udemy.com/course/piano-inspiration-series-1-2/,Woody Piano Shack,19.99,11.39,4.5(1 rating),Music,Instruments,Piano,16,English,SEASONS 1 & 2,8/2019,01/01/20
Piano Challenges To Jump Start Your Piano Playing,www.udemy.com/course/piano-challenges-and-practice-tips/,Willie Myette,19.99,11.39,4.7(9 ratings),Music,Music Fundamentals,Piano,119,English,Stop guessing when it comes to practice!,5/2018,01/01/20
The Perfect Piano Routine Vol.2,www.udemy.com/course/the-perfect-piano-routine-vol2/,Ilse Lozoya,39.99,11.39,5.0(2 ratings),Music,Instruments,Piano,89,English,Reading strategies that will help you to play new pieces in less time,9/2019,01/01/20
Learn Piano with PianoCub - Level 2,www.udemy.com/course/learn-piano-with-pianocub-level-2/,David Brown,19.99,11.39,5.0(1 rating),Music,Instruments,Piano,10,English,Piano video tutorials and PDF lessons,10/2019,01/01/20
The Magic of the Blues Scale,www.udemy.com/course/the-magic-of-the-blues-scale/,Stan Prentice,59.99,11.39,4.6(11 ratings),Music,Music Fundamentals,Piano,91,English,"Learn to to improvise Blues, Jazz, Rock and other Pop styles by mastering a simple 6 note scale.",5/2018,01/01/20
Piano With Willie Building Technique with Scales Vol. 3,www.udemy.com/course/piano-with-willie-technique-builder-vol-3/,Willie Myette,39.99,11.39,5.0(1 rating),Music,Instruments,Piano,140,English,Learn to practice your piano scales,4/2016,01/01/20
Chopin / Prelude & Waltz  Piano Classics Vol.3,www.udemy.com/course/chopin-prelude-waltz-piano-classics-vol3/,Ilse Lozoya,49.99,11.39,0.0(0 ratings),Music,Instruments,Piano,251,English,Learn to play with the proper technique 2 of the easiest pieces of Chopin.,11/2019,01/01/20
"Play the Iconic Jazz Piano Standard ""So What"" by Miles Davis",www.udemy.com/course/sowhat-milesdavis/,Willie Myette,39.99,11.39,4.6(15 ratings),Music,Instruments,Piano,81,English,Also learn pentatonic and dorian improvisation techniques that really work! Plus some cool quartal chord voicings.,4/2018,01/01/20
Piano With Willie Building Technique with Scales Vol. 4,www.udemy.com/course/piano-with-willie-technique-builder-vol-4/,Willie Myette,39.99,11.39,0.0(0 ratings),Music,Instruments,Piano,127,English,Learn to practice your piano scales,4/2016,01/01/20
Rondo alla Turca / Tarantella  - Piano Classics Vol.2,www.udemy.com/course/rondo-alla-turca-piano-classics-vol2/,Ilse Lozoya,49.99,11.39,0.0(0 ratings),Music,Instruments,Piano,354,English,"Learn to play it beautifully through a deeper understanding of the technique, dynamics and genre.",8/2019,01/01/20
PianoCub - Bach C Major Prelude,www.udemy.com/course/pianocub-bach-c-major-prelude/,David Brown,19.99,11.39,0.0(0 ratings),Music,Instruments,Piano,7,English,"Learn to play the famous C Major Prelude from Bach's Well Tempered Clavier, Book 1",10/2019,01/01/20
The Perfect Piano Routine Vol.1,www.udemy.com/course/the-perfect-piano-routine-learn-to-organize-your-practice/,Ilse Lozoya,39.99,11.39,4.8(4 ratings),Music,Music Fundamentals,Piano,354,English,"Increase your music productivity, learn how to structure your piano practice acording to your needs and musical moment",7/2019,01/01/20
Learn Piano with PianoCub - Level 3,www.udemy.com/course/learn-piano-with-pianocub-level-3/,David Brown,19.99,11.39,0.0(0 ratings),Music,Instruments,Piano,7,English,Piano video tutorials and PDF lessons,10/2019,01/01/20
Piano With Willie: Jazz Kids - Vol 1,www.udemy.com/course/piano-with-willie-jazz-kids-vol-1/,Willie Myette,39.99,11.39,4.9(13 ratings),Music,Instruments,Piano,93,English,Jazz Kids is an easy to use method that teaches everyone how to tap into their own creative voice!,4/2016,01/01/20
Learn Piano with PianoCub - Level 4,www.udemy.com/course/pianocub-level-4/,David Brown,19.99,11.39,0.0(0 ratings),Music,Instruments,Piano,8,English,Piano video tutorials and PDF lessons,10/2019,01/01/20
Play Piano To-day! - Beginner Piano Lessons For Busy People!,www.udemy.com/course/piano-for-busy-people/,Jacqui Chudleigh,99.99,11.39,4.6(29 ratings),Music,Instruments,Piano,580,English,"Learn to play the piano or keyboard, quickly and easily with these inspiring lessons that fit around a busy lifestyle.",3/2017,01/01/20
Piano SPEED LEARNING: Play Your Favorite Song in 1 HOUR!,www.udemy.com/course/pianospeedlearning/,Steven Melin,199.99,11.39,4.2(10 ratings),Music,Instruments,Piano,63,English,"Learn to play your favorite songs TODAY, not in weeks or years! Focus on the essentials through SPEED learning!",3/2018,01/01/20
The Fun and Effective Piano Course,www.udemy.com/course/the-serious-piano-course/,James Fiorentino,29.99,11.39,4.5(17 ratings),Music,Instruments,Piano,94,English,They Laughed When I Wrote These Lessons But When They Heard My Students Playâ¦ Want To Get Compliments On Your Playing?,3/2017,01/01/20
Learn Piano Scales: Play any song in any key! Like Pro's do,www.udemy.com/course/learn-piano-scales/,Jackie Clark,49.99,11.39,3.4(14 ratings),Music,Instruments,Piano,"1,749",English,"Do like the pro's, learn scales and get that winning edge. Any song, any key any time. Be a brilliant not average player",1/2015,01/01/20
Piano Lessons For The Hip Hop Fan,www.udemy.com/course/piano-lessons-for-the-hip-hop-fan/,James Gaither,99.99,11.39,3.3(5 ratings),Music,Instruments,Hip Hop Music,319,English,Learn how to play classic Hip Hop songs easily and effectively!!!,6/2015,01/01/20
Learn to Play Fur Elise on the Piano,www.udemy.com/course/fur-elise/,Steve Warner,19.99,11.39,4.8(30 ratings),Music,Instruments,Piano,133,English,Beginner Piano Lesson,1/2018,01/01/20
Learn Piano in 45 Days (Part two),www.udemy.com/course/learn-piano-in-45-days-part-two/,Thomas bazzoon,19.99,11.39,4.4(13 ratings),Music,Instruments,Piano,"3,309",English,"Read treble and bass clef, play songs by ear, learn basic chords with this free introductory course!",2/2018,01/01/20
Playing Piano -Scales - Vol.3: Pentatonics and Blues Scales,www.udemy.com/course/playing-piano-scales-vol3-pentatonics-and-blues-scales/,Ilse Lozoya,49.99,11.39,5.0(3 ratings),Music,Music Fundamentals,Piano,309,English,Learn how the correct fingering and play them all,11/2019,01/01/20
Learn Piano #5 - Play Piano with Drama: Secondary Dominants,www.udemy.com/course/reharmonization-kit-1-level-5-secondary-dominant-ii7/,Rosa Suen,194.99,11.39,5.0(11 ratings),Music,Music Fundamentals,Piano,609,English,Learn Music Theory on Secondary Dominants. Learn piano techniques & piano tips to put in drama with piano walking bass!,10/2019,01/01/20
Piano Re-harmonization and Improvisation for Very Beginners,www.udemy.com/course/playing-keyboard-quick-tips-for-the-very-beginner/,Ilse Lozoya,49.99,11.39,0.0(0 ratings),Music,Instruments,Piano,414,English,"Learn these tips, improvise on your intros and re-harmonize your playing.",9/2019,01/01/20
Improvising Pop Piano Accompaniment 1,www.udemy.com/course/improvising-pop-piano-accompaniment-1/,Bradley Mavin,19.99,11.39,5.0(4 ratings),Music,Instruments,Piano,26,English,Basic Jamming,5/2019,01/01/20
Funk Keyboard Technique 101,www.udemy.com/course/funk-keyboard-technique-101/,Willie Myette,19.99,11.39,4.8(2 ratings),Music,Music Techniques,Piano,66,"English
 ",Get faster and more fluid technique at the piano and keyboard.,2/2018,01/01/20
Learn Fun Dreamy Piano Techniques # 2 - Play Silver Bells,www.udemy.com/course/learn-piano-christmas-song-2-play-dreamy-silver-bells/,Rosa Suen,194.99,11.39,4.7(8 ratings),Music,Instruments,Piano,"1,324",English,Learn 4 Chord Method to reharmonize Silver Bells & play 24 Dreamy piano techniques - play jazzy cocktail soothing sounds,10/2019,01/01/20
Jazz and Blues Made Easy,www.udemy.com/course/piano-jazz-and-blues-made-easy/,Willie Myette,39.99,11.39,4.5(9 ratings),Music,Instruments,Piano,103,English,Learn how to play jazz and blues on the piano!,5/2018,01/01/20
Piano Rhythms Vol.2: Ballade Style,www.udemy.com/course/piano-rhythms-vol2-ballade-style/,Ilse Lozoya,69.99,11.39,5.0(4 ratings),Music,Music Fundamentals,Piano,604,English,Learn at your own pace,12/2019,01/01/20
Learn Piano #10 Tritone Chord Substitution with Jazzy Sounds,www.udemy.com/course/learn-piano-10-tritone-chord-substitution-with-jazzy-sounds/,Rosa Suen,194.99,11.39,5.0(4 ratings),Music,Instruments,Piano,"1,273",English,Learn piano tips & techniques by inserting tritone chords to Away In A Manger. Add advanced chords in chord progression,10/2019,01/01/20
Get Piano Skills TODAY!!! ,www.udemy.com/course/how-to-play-piano2/,Peter Nydahl,99.99,11.39,4.5(8 ratings),Music,Instruments,Piano,136,English,"Learn the basic, universal skills to be able to play songs by ear! You will also learn scales, chords, stride and salsa!",2/2015,01/01/20
How to become a full time successful piano teacher,www.udemy.com/course/how-to-become-a-full-time-successful-piano-teacher/,Matthew Clayton,189.99,11.39,4.7(2 ratings),Teaching & Academics,Teacher Training,Piano,15,English,This course will teach you how to set up your own piano teaching business and fill your diary with aspiring pupils,9/2018,01/01/20
Introduction to Piano and Music for the Very Beginner,www.udemy.com/course/introduction-to-piano-and-music/,Timothy Wurm,69.99,11.39,4.7(57 ratings),Music,Instruments,Piano,"2,100",English,Learn to play piano and read music explained clearly for beginners.,5/2017,01/01/20
Learn How To Play 25 Classic Hip Hop Songs Ch.2,www.udemy.com/course/learn-how-to-play-25-hip-hop-classic-songs-ch2/,JayJay Johnson,24.99,11.39,4.8(7 ratings),Music,Instruments,Piano,71,English,Easy Way To Learn Hip Hop Piano,5/2017,01/01/20
Learn Piano Today: Festive Favorite Party Hits on Keyboard,www.udemy.com/course/easy-piano-today-play-festive-favorites-christmas-party-hits/,David Brogan M.Mus.,149.99,11.39,4.2(9 ratings),Music,Instruments,Piano,"3,170",English,Learn how to play 30 easy festive party piano pieces by ear today: Jingle Bells Silent Night Fairytale of New York &more,11/2014,01/01/20
Piano Runs & Fills #1: Play Dreamy Whole Tone Scale Runs,www.udemy.com/course/learn-piano-scales-1-whole-tone-scales-whole-tone-runs/,Rosa Suen,194.99,11.39,4.8(17 ratings),Music,Instruments,Piano,831,English,Play Piano Runs by Ear: Learn whole tone scales & play whole tone scale runs to introduction in any 12 Keys on piano.,10/2019,01/01/20
Learn to Play Christmas Carols (Volume 1),www.udemy.com/course/learn-to-play-christmas-carols-volume-1/,Thomas bazzoon,24.99,11.39,0.0(0 ratings),Music,Instruments,Piano,13,English,"Play ""Angels we Have Heard on High,"" ""O Holy Night,"" ""Joy to the World,"" and ""What child is this?""",6/2018,01/01/20
Piano Technique Exercises Vol.3,www.udemy.com/course/piano-technique-exercises-vol3/,Ilse Lozoya,49.99,11.39,4.8(2 ratings),Music,Music Fundamentals,Piano,688,English,"Master Staccato and Legato, developing the perfect phrasing.",11/2019,01/01/20
Keyboard Instruments - Read Sheet Music for Piano Fast!,www.udemy.com/course/play-songs-on-the-piano-from-sheet-music/,Victoria Williams LmusTCL BA(Mus),49.99,11.39,4.2(66 ratings),Music,Instruments,Piano,"2,903",English,Learn how to read keyboard sheet music and play easy songs on the piano with your right hand. Incl. PDFS and demos.,1/2016,01/01/20
Basic Piano Hymn Playing,www.udemy.com/course/basic-piano-hymn-playing/,Christopher Tan,19.99,11.39,3.8(45 ratings),Music,Instruments,Piano,"1,956",English,Learn how to play beautiful piano hymns. Suitable for solo playing or accompanying a congregation.,5/2018,01/01/20
Piano Songwriting & Song Accompaniment | 4 Chord Starter Kit,www.udemy.com/course/4-chord-piano-songwriting-starter-kit/,Kaiwen F.,99.99,11.39,3.8(7 ratings),Music,Instruments,Piano,135,English,Learn a simple and great sounding way to start writing songs on the piano!,9/2017,01/01/20
Piano With Willie: Jazz Kids - Vol 2,www.udemy.com/course/piano-with-willie-jazz-kids-vol-2/,Willie Myette,39.99,11.39,4.6(3 ratings),Music,Instruments,Piano,61,English,Jazz Kids is an easy to use method that teaches everyone how to tap into their own creative voice!,1/2018,01/01/20
Piano - Circle of 5ths to Play A Song in 12 Keys in 12 Days,www.udemy.com/course/use-circle-of-5ths-to-play-a-song-in-12-keys-in-12-days/,Rosa Suen,194.99,11.39,4.1(26 ratings),Music,Instruments,Piano,"2,583",English,Use Circle of 5ths to play piano - Practice piano in 12 Keys Effortlessly! Learn only ONE new chord a day in 12 days!,10/2019,01/01/20
An Introduction to Two Hand Piano Playing,www.udemy.com/course/learn-to-play-piano-level-1/,Timothy Wurm,69.99,11.39,4.4(19 ratings),Music,Instruments,Piano,"1,075",English,"Learn to play with two hands at the same time, how to read music and other important basic topics.",3/2016,01/01/20
Piano Lessons for the R&B Fan,www.udemy.com/course/piano-lessons-for-the-rb-fan/,James Gaither,99.99,11.39,4.0(5 ratings),Music,Instruments,Piano,326,English,"Learn all the great R&B Ballads for the 80s,90s, and current times on piano!",6/2015,01/01/20
Play Piano Now: Learn Piano Fast & Easy,www.udemy.com/course/playpianonow/,Dennis Miclau,94.99,11.39,5.0(4 ratings),Music,Instruments,Piano,27,English,A Beginning Piano Course To Help You Get Started On Your First Steps In Piano. Designed to Learn At Your Own Pace & Time,3/2018,01/01/20
Zero To Piano - Learn Piano In Weeks,www.udemy.com/course/zero-to-piano-learn-piano-in-weeks/,Furkan Han Mert,199.99,11.39,4.0(1 rating),Music,Instruments,Piano,15,English,"You will learn to play the Piano and read the notes in a short time, and understand the basics of the piano easily.",7/2019,01/01/20
Playing Piano:  Play Chords and Popular Pieces Vol.I,www.udemy.com/course/playing-piano-i-play-chords-and-popular-pieces/,Ilse Lozoya,99.99,11.39,4.5(13 ratings),Music,Instruments,Piano,"3,431",English,Be able to play chords at the piano,6/2017,01/01/20
Worship Piano: Learn the Top Worship Songs Fast,www.udemy.com/course/worship-piano-learn-the-top-contemporary-worship-songs-fast/,George Brown,19.99,11.39,5.0(1 rating),Music,Instruments,Piano,25,English,Learn how to play the top contemporary worship songs. Note for Note & Chord for Chord. All skill sets welcomed!,11/2019,01/01/20
Piano Rhythms Vol.1: Rock´n Roll,www.udemy.com/course/piano-rhythms-vol1-rock-n-roll/,Ilse Lozoya,69.99,11.39,3.7(8 ratings),Music,Music Fundamentals,Piano,"1,222",English,Learning piano accompaniments,12/2019,01/01/20
Piano for Kids: Developing Your Child's Creative Abilities,www.udemy.com/course/piano-for-kids-developing-your-childs-creative-abilities/,Jackie Clark,64.99,11.39,4.3(6 ratings),Music,Instruments,Piano,84,English,"Children love music, Teach them to play piano, to expand their horizons and gain self confidence with the gift of music.",10/2015,01/01/20
Fur Elise  and Traumerei  - Piano Classics Vol.1,www.udemy.com/course/piano-classics-vol1/,Ilse Lozoya,49.99,11.39,0.0(0 ratings),Music,Instruments,Piano,343,English,Learn to play beautifully at the piano Fur Elise (Ludwig Van Beethoven) and Traumerei (Robert Schumann),8/2019,01/01/20
Gospel Piano Hymn Re-harmonization Piano Lessons Masterclass,www.udemy.com/course/gospel-hymn-re-harmonisation-piano-masterclass-2/,Oluwajoba Odesanya,19.99,11.39,0.0(0 ratings),Music,Instruments,Piano,7,English,[Part 2] Reharmonised version of 2 popular hymns. Master gospel Piano chords and moves with these powerful hymn reharms,12/2018,01/01/20
HymnSkills: Developing Hymn Improvisation,www.udemy.com/course/hymnskills/,Martan Mann,29.99,11.39,4.3(6 ratings),Music,Music Fundamentals,Piano,55,English,Learn to improvise on piano and organ.,6/2017,01/01/20
JAZZ MASTERCLASS:Step-by-Step- Preparing To Play In All Keys,www.udemy.com/course/preparing-to-play-in-all-keys/,Martan Mann,29.99,11.39,4.2(21 ratings),Music,Music Fundamentals,Jazz,231,English,Develop your ability to improvise easily and creatively in all keys.,2/2016,01/01/20
Piano Runs & Fills #2: Play Rolling Cascading Runs for Intro,www.udemy.com/course/piano-runs-fills-2-play-rolling-cascading-runs-for-intro/,Rosa Suen,194.99,11.39,3.5(14 ratings),Music,Instruments,Piano,"2,206",English,Play Piano Runs by Ear: Master triplets to create Cascading Runs on the piano or keyboard. You will sound like a Pro!,10/2019,01/01/20
"Hear It, Sing It, PLAY IT! The Secret To Learning Jazz Piano",www.udemy.com/course/jazzpiano/,Sam Spitzer,64.99,11.39,3.4(17 ratings),Music,Music Fundamentals,Piano,295,English,"Play what you hear, not what you luck into. Understand how to improvise for real, not by rote.",3/2015,01/01/20
Piano Runs & Fills #4: C6 Rolling Waves & Waterfall Runs,www.udemy.com/course/piano-runs-fills-4-c6-rolling-waves-waterfall-runs-songs-ending/,Rosa Suen,194.99,11.39,4.5(6 ratings),Music,Instruments,Piano,893,English,"Learn Piano dreamy runs for songs ending. Learn music theory, piano chords, 2 piano techniques to play beautiful runs",10/2019,01/01/20
Rhythm #4: Play 16th Note - Easy Flowing Ballad 9 in C Key​​,www.udemy.com/course/16-hand-coordination-16th-note-how-great-thou-art-c-key/,Rosa Suen,194.99,11.39,5.0(3 ratings),Music,Instruments,Piano,496,English,Learn Chord Transfer Technique to play the 9th Color Tone easily. Splash in the Ballad 9 in 16th notes with piano fills,10/2019,01/01/20
Piano Rhythms Vol.3: Bossa Nova Style,www.udemy.com/course/piano-rhythms-vol3-bossa-nova-style/,Ilse Lozoya,69.99,11.39,4.5(2 ratings),Music,Music Fundamentals,Piano,612,English,Playing easy to follow Bossa Nova compings,12/2019,01/01/20
Funky Rhythmic Piano,www.udemy.com/course/funky-rhythmic-piano/,Josh Cook,34.99,11.39,5.0(1 rating),Music,Instruments,Piano,7,English,Unleash Your Funkiness,7/2019,01/01/20
Piano Lessons For Beginners,www.udemy.com/course/the-music-coach-online-piano-lesson-program/,Todd Porter,94.99,11.39,3.8(7 ratings),Music,Instruments,Piano,40,English,Learn To Play The Piano In Just 30 Minutes Per Week! Practice Videos Included.,2/2019,01/01/20
Learn to Play Piano Like a Pro - Easy Piano Course 1,www.udemy.com/course/learn-to-play-piano-like-a-pro/,Vu Quang Trung,34.99,11.39,4.2(6 ratings),Music,Instruments,Piano,21,English,"Learn to understand the music theory, improve the technique, understand harmony and play a song",5/2017,01/01/20
#1 Piano Hand Coordination: Play 10th Ballad in Eb Key songs,www.udemy.com/course/magic-of-eb-key-12-piano-tips-to-play-open-10-ballad-feel/,Rosa Suen,194.99,11.39,4.9(22 ratings),Music,Instruments,Piano,"3,183",English,Master Piano Eb Key: Play love song with Open 10 Ballad: Be Still & Know. Learn Music Theory with Piano Techniques.,10/2019,01/01/20
Piano Technique Exercises Vol.4,www.udemy.com/course/piano-technique-exercises-vol4/,Ilse Lozoya,49.99,11.39,4.5(1 rating),Music,Music Fundamentals,Piano,491,English,Master rhythmic figures and immprove your playing.,11/2019,01/01/20
Rhythm #3: Play 16th Note - Ballad 9 and Melody Fill - D Key,www.udemy.com/course/15-hand-coordination-16th-note-left-hand-ballad-9-d-key/,Rosa Suen,194.99,11.39,5.0(2 ratings),Music,Music Techniques,Piano,"1,161",English,"Dress up a song with 16th Notes and Melody Fills, suspended chords, Add 9th color tones. Drills to coordinate LH + RH",10/2019,01/01/20
#16 Piano Trick:  Play EZ Groupings Nostalgic Accompaniment,www.udemy.com/course/16-piano-trick-play-ez-groupings-nostalgic-accompaniment/,Rosa Suen,194.99,11.39,3.3(2 ratings),Music,Instruments,Piano,31,English,Learn Rosa's trick to do alternate LH and RH Grouping accompaniment to make your music sound nostalgic for 12/8 or 6/8,10/2019,01/01/20
#4 Piano Hand Coordination: Fun Piano Runs in 2 Beats C Key,www.udemy.com/course/learn-piano-technique-4-piano-run-in-2-beats-in-c-key-song/,Rosa Suen,194.99,11.39,4.1(4 ratings),Music,Instruments,Piano,864,English,Learn how to play piano runs in rhythm feel in 2 Beats. Learn Rosa's Secret Tips coordinating both hands to play runs,10/2019,01/01/20
#15 Piano Trick: Triplets & 10 Ballad accompaniment 6/8 12/8,www.udemy.com/course/15-piano-trick-triplets-10-ballad-accompaniment-68-128/,Rosa Suen,194.99,11.39,4.0(4 ratings),Music,Music Techniques,Piano,38,English,Use Triplets to play chord accompaniment to create beautiful background music. Use Triplets to play 12/8 or 6/8 Ballad,10/2019,01/01/20
#11 Hand Coordination  - Flowing Ballad 9 - Because He Lives,www.udemy.com/course/11-hand-coordination-flowing-ballad-9-because-he-lives/,Rosa Suen,194.99,11.39,4.6(3 ratings),Music,Music Techniques,Piano,"1,646",English,Use Transfer Chord Technique for Easy Hand Coordination - Play Because He Lives in C Key & Bb Key with Flowing Ballad 9,10/2019,01/01/20
Tune that Sour Note on Your Piano,www.udemy.com/course/how-to-tune-your-own-piano/,Thomas Daniel,19.99,11.39,3.6(5 ratings),Music,Instruments,Piano,14,English,How to Tune It Yourself,6/2017,01/01/20
Christmas Song:  Play O Holy Night - different accompaniment,www.udemy.com/course/christmas-song-play-o-holy-night-different-accompaniment/,Rosa Suen,194.99,11.39,5.0(2 ratings),Music,Music Techniques,Music Theory,120,English,Use Triplets to play chord accompaniment to create beautiful background music. Use Triplets to play 12/8 or 6/8 Ballad,10/2019,01/01/20
Learn to Play Una Mattina by Einaudi,www.udemy.com/course/learn-to-play-una-mattina-by-einaudi/,Dimitrov Boelee,49.99,11.39,5.0(1 rating),Music,Instruments,Piano,13,English,With the DimitrovBoelee Piano Duo,7/2019,01/01/20
Piano With Willie: Jazz Kids - Vol 4,www.udemy.com/course/piano-with-willie-jazz-kids-vol-4/,Willie Myette,39.99,11.39,0.0(0 ratings),Music,Instruments,Piano,50,English,Jazz Kids is an easy to use method that teaches everyone how to tap into their own creative voice!,4/2016,01/01/20
#7 Play Piano Trick: Quartal Harmony + Rosa's EZ Fingering,www.udemy.com/course/7-play-piano-trick-quartal-harmony-rosas-ez-fingering/,Rosa Suen,194.99,11.99,4.6(4 ratings),Music,Music Fundamentals, Piano,857,English,Play open sounds with Quartal Chords to make your song more jazzy. Get my quick tips to play quartal sounds effortlessly,10/2019,01/01/20
Play Autumn Leaves' falling notes on piano with no reading!,www.udemy.com/course/autumnleaves/,Anton R. Tajanlangit,29.99,11.99,3.8(16 ratings),Music,Instruments,Piano,458,English,A step-by-step guide found nowhere else but in this course! The actual piano riffs you CAN play to amaze your friends!,9/2015,01/01/20
"Improvise Puccini´s ""E Lucevan le Stelle"" on Piano",www.udemy.com/course/compose-and-improvise-through-puccini/,Peter Janzen,19.99,11.99,4.6(6 ratings),Music,Instruments,Piano,188,English,"Learn Scales, Chords, Progressions, Notations, Composition and Improvisation on the Piano",10/2013,01/01/20
Piano Theory,www.udemy.com/course/piano-theory/,Starling Jones Jr,19.99,11.99,4.7(4 ratings),Music,Music Fundamentals,Piano,35,English,Music Theory - Essentials for any genre of music.,4/2014,01/01/20
Create Beautiful Music On The Piano Like a Pro In Minutes,www.udemy.com/course/create-beautiful-music-on-the-piano-like-a-pro-in-minutes/,Mathew Tamin,94.99,11.99,4.4(40 ratings),Music,Instruments,Piano,230,English,"Music has the ability to change places, people and situations. Learn how to make beautiful music on your piano.",8/2015,01/01/20
#8 Chord Progression:Music Theory 10 Levels Old Rugged Cross,www.udemy.com/course/8-chord-progressionmusic-theory-10-levels-old-rugged-cross/,Rosa Suen,199.99,11.99,4.5(6 ratings),Music,Music Fundamentals,Piano,"1,341",English,Learn to Reharmonize a simple song from basic chords to a mature music arrangement with advanced chords. 10 Level Chords,10/2019,01/01/20
How to play Contemporary Piano,www.udemy.com/course/how-to-play-contemporary-piano/,Bj Pridham,19.99,11.99,4.3(39 ratings),Music,Instruments,Piano,"1,213",English,Discover principles and keys to unlocking your potential as a Conteporary Pianist today!,3/2017,01/01/20
Playing the Moonlight Sonata by Beethoven,www.udemy.com/course/playing-the-moonlight-sonata/,Dimitrov Boelee,29.99,11.99,3.0(2 ratings),Music,Instruments,Classical Music,13,English,By the DimitrovBoelee Piano Duo,5/2019,01/01/20
"Play ""The Entertainer"" and ""Maple Leaf Rag"" by Joplin!",www.udemy.com/course/play-the-entertainer-and-maple-leaf-rag-by-joplin/,Thomas bazzoon,19.99,11.99,0.0(0 ratings),Music,Instruments,Piano,27,English,Learn to play two ragtime standards!,5/2018,01/01/20
Piano for the Absolute Beginner,www.udemy.com/course/onlinelessons/,Louis Jones,59.99,11.99,0.0(0 ratings),Music,Instruments,Piano,7,English,Easily learn beginning music concepts and songs,7/2018,01/01/20
Gospel Hymn Re-harmonisation Piano Lessons Masterclass,www.udemy.com/course/gospel-hymn-re-harmonisation-series-part-1-piano-lesson/,Oluwajoba Odesanya,19.99,11.99,4.0(1 rating),Music,Instruments,Blues Piano,11,English,A reharmonised version of 2 popular hymns. Master gospel Piano chords and moves with these powerful hymn reharms,11/2018,01/01/20
How to speak Pianish (beginner level),www.udemy.com/course/pianish101/,Anton R. Tajanlangit,34.99,11.99,4.1(7 ratings),Music,Instruments,Piano,554,English,A revolutionary approach to learning how to play the piano. Beginner level (Pianish 101).,8/2015,01/01/20
Keyboard For The Songwriter-Producer,www.udemy.com/course/keyboard-songwriter/,Gal Peiser,29.99,11.99,4.0(1 rating),Music,Instruments,Piano,383,English,Accompany Songs On The Keyboard,9/2019,01/01/20
#12 Play Piano Trick:  Play Off-Beat - EZ Swing & Syncopate,www.udemy.com/course/12-play-piano-trick-play-off-beat-ez-swing-syncopate/,Rosa Suen,194.99,11.99,4.7(2 ratings),Music,Music Techniques,Piano,30,English,"Learn to play with freedom with jazzy syncopated sounds by swinging the melody tones to ""Jingle Bell Rock"". Practice!",10/2019,01/01/20
#14 Piano Piano Trick:  Jazz Waltz Swing 3/4 + Half Step,www.udemy.com/course/14-piano-piano-trick-jazz-waltz-swing-34-half-step/,Rosa Suen,194.99,11.99,5.0(1 rating),Music,Instruments,Piano,20,English,Learn how to put in Jazzy syncopated rhythm. Use Swing to create jazzy waltz to 3/4 songs. Add syncopated notes easily,10/2019,01/01/20
#13 Play Piano Trick:  Rosa's Half Step Slides to Syncopate,www.udemy.com/course/13-play-piano-trick-rosas-half-step-slides-to-syncopate/,Rosa Suen,194.99,11.99,4.8(2 ratings),Music,Music Techniques,Piano,57,English,Learn how to create easy jazzy syncopated sounds into songs. Use Chromatic half step movement either slide down or up,10/2019,01/01/20
Master Class Piano Techniques: Tips To EZ Coordinate 2 Hands,www.udemy.com/course/master-class-piano-techniques-tips-to-ez-coordinate-2-hands/,Rosa Suen,199.99,11.39,4.4(7 ratings),Music,Instruments,Piano,"2,053",English,"Step by Step Method to coordinate both hands using 3 techniques to dress up a song. Use Open 10th, Fun Piano Run & Fills",10/2019,01/01/20
Learn Piano with Beethoven,www.udemy.com/course/step-by-step-piano-fur-elise-for-newbies/,Jarrod Bell,29.99,11.39,4.6(5 ratings),Music,Other,Piano,31,English,An Innovative Approach to Learning Piano,1/2016,01/01/20
Play Piano 10:  Improvise on Love Story By Ear in Minor Key,www.udemy.com/course/play-piano-10-improvise-on-love-story-by-ear-in-minor-key/,Rosa Suen,194.99,11.39,5.0(4 ratings),Music,Music Fundamentals,Piano,"1,304",English,Improvise Over the Chord Progression of Love Story in Minor Key. Learn how to go from minor Key to Major Key with 2-5.,10/2019,01/01/20
6 Months of Piano Lessons. Taught by a 6 year old!,www.udemy.com/course/what-you-can-learn-before-piano-lessons/,Micah Blake,19.99,11.39,3.8(19 ratings),Music,Instruments,Piano,"1,062",English,This course covers what I often teach young children for 3-9 months of beginning piano lessons. What a 6 year old do it.,1/2019,01/01/20
Basic Piano One,www.udemy.com/course/basic-piano-one/,Jason Dzamba,44.99,11.39,5.0(1 rating),Music,Instruments,Piano,19,English,Absolute Beginner's Guide to Playing the Piano,10/2017,01/01/20
Learn to play Fur Elise on piano,www.udemy.com/course/fur-elise-easypianohacks/,Lucien Lu,199.99,11.39,5.0(1 rating),Music,Instruments,Piano,692,English,You will learn one of Beethoven's most popular piano masterpieces.,6/2019,01/01/20
Learn 10 Scottish Tunes Piano Easy Level,www.udemy.com/course/learn-10-scottish-tunes-piano-easy-level/,Roxana Belibou,44.99,11.39,4.1(2 ratings),Music,Instruments,Piano,118,English,Learn how to read a musical score & play 10 famous Scottish tunes on the piano,2/2017,01/01/20
Piano With Willie: Jazz Kids - Vol 3,www.udemy.com/course/piano-with-willie-jazz-kids-vol-3/,Willie Myette,39.99,11.39,4.5(2 ratings),Music,Instruments,Piano,51,English,Jazz Kids is an easy to use method that teaches everyone how to tap into their own creative voice!â,4/2016,01/01/20
Onecliptv piano lesson,www.udemy.com/course/onecliptvpianolesson/,john bencks,34.99,11.39,0.0(0 ratings),Music,Instruments,Piano,2,English,Learn how to play hundreds of songs simply by ear and without the old sheet music!,8/2017,01/01/20
"Piano Keyboard Lessons: Read Music, Theory & Composition",www.udemy.com/course/piano-keyboard-lessons-read-music-theory-composition/,Easy Learn,184.99,11.39,3.9(87 ratings),Music,Instruments,Piano,"2,443",English,"Piano Keyboard Lessons: Music Theory, Composition & Production, Read Music & Piano Chords, Orchestration, Jazz Piano",1/2018,01/01/20
Playing Piano : Reading and Playing Classical Tunes Vol.I,www.udemy.com/course/piano-playing-beggining-the-journey/,Ilse Lozoya,49.99,11.39,3.7(10 ratings),Music,Instruments,Piano,"1,765",English,Learn how to read music and play piano since day 1.,6/2017,01/01/20
Play the 24 Most Common Chords: Piano Building Blocks,www.udemy.com/course/pianobuildingblocks/,Nathan Lawrence,149.99,11.39,4.4(30 ratings),Music,Instruments,Piano,"1,012",English,"Learn to play every major & minor chord. This simple, fun keyboard method teaches the building blocks of popular music.",7/2017,01/01/20
Playing Piano:  Popular Pieces Vol. II,www.udemy.com/course/playing-piano-popular-pieces-volii/,Ilse Lozoya,149.99,11.39,4.4(5 ratings),Music,Instruments,Piano,"1,915",English,Enjoy playing chords and popular pieces.,6/2017,01/01/20
Learn to Play Piano Like a Pro - Easy Piano Course 2,www.udemy.com/course/learn-to-play-piano-like-a-pro-easy-piano-course-2/,Vu Quang Trung,34.99,11.39,3.7(3 ratings),Music,Instruments,Piano,12,English,"Learn to understand harmony, rhythm, improve the technique, sight reading then apply all these elements on a pop song",1/2018,01/01/20
Play Pachelbel's Canon in D on Piano,www.udemy.com/course/play-pachelbels-canon-in-d-on-piano/,Thomas bazzoon,19.99,11.39,0.0(0 ratings),Music,Instruments,Piano,22,English,Learn to play and improvise on this famous classical work.,3/2018,01/01/20
'Greensleeves' Creative Piano Lessons Course,www.udemy.com/course/greensleeves-creative-piano-lessons-course/,Mister Musicarta,19.99,18.99,5.0(3 ratings),Music,Instruments,Piano,47,English,"Craft your own arrangement of this popular, timeless melody",10/2017,01/01/20
Pentatonics for Pianists,www.udemy.com/course/pentatonics-for-pianists/,Martan Mann,29.99,11.39,4.5(1 rating),Music,Music Fundamentals,Piano,20,English,Introduction to Improvisation,2/2019,01/01/20
#9 Play Piano Trick:  Easy Westminster Chimes & Bell Sounds,www.udemy.com/course/9-play-piano-trick-easy-westminster-chimes-bell-sounds/,Rosa Suen,194.99,11.39,4.7(2 ratings),Music,Music Fundamentals,Piano,43,English,Use Quartal sounds to create chimes + bells effect. Apply the quartal sounds & bells to first line of Joy to the World,10/2019,01/01/20
#10 Play Piano Trick:  Music Box Dance -Alberti Bass Fingers,www.udemy.com/course/10-play-piano-trick-music-box-dance-alberti-bass-fingers/,Rosa Suen,194.99,11.39,4.6(3 ratings),Music,Music Techniques,Piano,53,English,Learn broken chord pattern to create music box for accompaniment. Learn special fingering in Alberti bass 3/4 and 4/4,10/2019,01/01/20
#5  Piano Hand Coordination:  Piano Runs in 2 Beats Eb Key,www.udemy.com/course/learn-piano-technique-5-piano-runs-in-2-beats-in-eb-key/,Rosa Suen,194.99,11.39,5.0(3 ratings),Music,Instruments,Piano,956,English,Learn how to play piano runs in rhythm feel in 2 Beats. Learn How To Coordinate Both Hands To Play Runs in the flow,10/2019,01/01/20
#3 Play PIano Trick:  Rosa's Octave Rhythmic Dramatic Drum,www.udemy.com/course/3-play-piano-trick-rosas-octave-rhythmic-dramatic-drum/,Rosa Suen,194.99,11.39,4.8(2 ratings),Music,Instruments,Piano,964,English,Use Rosa's Octave Drum to create a dramatic atmosphere using bass sounds. Dance and rock LH rhythmically in Octaves.,10/2019,01/01/20
#10 Hand Coordination - Transfer Chord Ballad 9 - C & Bb Key,www.udemy.com/course/10-hand-coordination-transfer-chord-ballad-9-he-is-lord/,Rosa Suen,194.99,11.39,5.0(1 rating),Music,Instruments,Piano,"1,604",English,Learn to coordinate both hands easily using my unique Transfer Chord Techniques - Play Flowing Ballad 9 to He is Lord,10/2019,01/01/20
Learn Piano: The Basics of Keyboards,www.udemy.com/course/takelessons-learn-beginner-piano-keyboards/,TakeLessons Learning Marketplace,19.99,11.39,5.0(1 rating),Music,Instruments,Piano,120,English,Have you always wanted to learn how to play the piano? Start with this course to give you the right foundation!,1/2015,01/01/20
#7 Piano Hand Coordination: Play Piano Runs in 3 Beats 9/4,www.udemy.com/course/learn-piano-hand-coordination-7-piano-runs-in-3-beats-94/,Rosa Suen,194.99,11.39,5.0(2 ratings),Music,Instruments,Piano,"2,032",English,Learn how to play runs by Ear. Play smoothly without memorizing individual notes so that you can roll your fingers.,10/2019,01/01/20
"CoolCat Piano,Keyboard,Sight Reading,Theory course",www.udemy.com/course/cool-cat-piano/,Konrad B,54.99,11.39,4.3(26 ratings),Music,Instruments,Piano,"1,340",English,Learn Awesome new piano songs fast with the necessary music theory to impress your friends and family,9/2017,01/01/20
Play Piano 15: Improvise You Light Up My Life by Ear Chords,www.udemy.com/course/play-piano-15-improvise-you-light-up-my-life-by-ear-chords/,Rosa Suen,194.99,11.39,5.0(5 ratings),Music,Music Techniques,Piano,"1,032",English,Apply 2-5 Power Jazzy chords into the song. Learn to improvise beginning with C Key and escalate to G Key chords by Ear,10/2019,01/01/20
Christmas Piano Songs For The Very Beginner Vol. I,www.udemy.com/course/christmas-piano-songs-for-the-very-beginner-vol-i/,Ilse Lozoya,39.99,11.39,4.9(4 ratings),Music,Instruments,Piano,"1,070",English,"Learn to play ""Deck the Halls"" and have fun getting prepared for the holidays",6/2017,01/01/20
Piano Classics:  Super Sonatinas #1,www.udemy.com/course/piano-classics-super-sonatinas-1/,Sonja Graham,119.99,11.39,0.0(0 ratings),Music,Instruments,Piano,9,English,Clementi's Sonatina in C,12/2018,01/01/20
Practice and Play Rondo Alla Turca by Mozart,www.udemy.com/course/rondo-alla-turca/,Dimitrov Boelee,54.99,11.39,1.0(1 rating),Music,Music Fundamentals,Piano,6,English,"Ideas, Tips, Common Mistakes and More",6/2019,01/01/20
Playing Für Elise by Beethoven,www.udemy.com/course/playing-fur-elise/,Dimitrov Boelee,29.99,11.39,0.0(0 ratings),Music,Music Fundamentals,Piano,11,English,With the DimitrovBoelee Piano Duo,4/2019,01/01/20
Virtual Piano Lessons - A New Way To Learn Piano,www.udemy.com/course/virtual-piano-lessons-a-new-way-to-learn-piano/,♥ Minister Kimberly Holmes ♥,49.99,11.39,2.8(32 ratings),Music,Instruments,Piano,"5,828",English,Step By Step Video Course Instruction,7/2014,01/01/20
Play For Life Piano Theory Course,www.udemy.com/course/play-for-life-piano-theory-course/,Canangela R Boyd-Robertson,24.99,11.39,4.5(1 rating),Music,Instruments,Piano,1,English,Learn the Building Blocks of Music Theory while learning to play!,12/2018,01/01/20
Trinity Piano Grade 4 (Performance) by Joe Bryer,www.udemy.com/course/trinity-piano-grade-4-performance/,MasterWay Play by Ear,39.99,11.39,3.0(1 rating),Music, Instruments,Piano,4,English,Learn how to achieve Trinity exam with good result,10/2018,01/01/20
The 3-Step Pianist Online Course,www.udemy.com/course/the3steppianist/,Heather Bowen,49.99,11.39,4.0(1 rating),Music,Instruments,Piano,3,English,The High-Level Achiever's Ultimate Introductory Guide To Playing Piano!,10/2018,01/01/20
Peters' Pointers on Piano Hymn Arrangements,www.udemy.com/course/peters-pointers-on-piano-hymn-arrangements/,Joe Peters,0.0,19.99,1.0(1 rating),Music,Other,Piano,12,English,"Step by step guide to creating fresh new hymn arrangements, revealing favorite techniques from 45 years of experience.",9/2015,01/01/20
Come Build a Foundation for Learning to Play Piano By Ear,www.udemy.com/course/learn-basic-piano/,Tyrone Thompson,19.99,11.39,2.0(1 rating),Music,Instruments,Piano,324,English,For Beginners Who Have Never Played Piano Before Or Are To intimidated To Even Touched A Piano Or Electronic Keyboard,7/2017,01/01/20
"Learn How to ""Play Girls Like You by Maroon ""5  on Piano!",www.udemy.com/course/learn-how-to-play-girls-like-you-by-maroon-5-on-piano/,Andrew Dela Calzada,29.99,11.39,0.0(0 ratings),Music,Instruments,Piano,0,English,"""Girls Like You"" on Piano",11/2018,01/01/20
Learn how to play Ed Sheeran Songs on the Piano,www.udemy.com/course/learn-how-to-play-ed-sheeran-songs-on-the-piano/,Matthew Clayton,19.99,11.39,0.0(0 ratings),Music,Instruments,Piano,213,English,A course for complete beginners: Learn to play Ed Sheeran songs without reading a note of music,2/2019,01/01/20
Piano with Angela - basics 1,www.udemy.com/course/piano-with-angela-basics-1/,Angela Mackay,29.99,11.39,0.0(0 ratings),Music,Instruments,Piano,2,English,An introductory piano course for the independent learner,10/2017,01/01/20
"Tuition on the piano ""MUSICBOOM"" for adults",www.udemy.com/course/tuition-on-the-piano-musicboom-for-adults/,Julia IDMUZA,19.99,11.39,1.0(1 rating),Music,Instruments,Piano,2,English,"I show you how to achieve a result in clear and understandable way, revealing the whole process of mastering the music.",1/2019,01/01/20
Piano Playing: Reading and Playing Classical Tunes Vol.II,www.udemy.com/course/piano-playing-reading-and-playing-classical-tunes-volii/,Ilse Lozoya,39.99,11.39,4.2(5 ratings),Music,Instruments,Piano,"1,956",English,Practice your piano reading while you play beautiful classical tunes.,6/2017,01/01/20
Read Music Now - For Piano Players,www.udemy.com/course/learn-to-read-music-in-1-hour/,Kurt Berg,29.99,11.39,4.4(5 ratings),Music,Music Fundamentals,Piano,763,English,"A quick and easy method to be able to both sight read music, and play it on your piano",10/2017,01/01/20
Practical Piano Playing Without Sheet Music,www.udemy.com/course/practical-playing-piano-without-sheet-music/,Kristofer Pomiecko,39.99,11.39,3.9(4 ratings),Music,Instruments,Piano,18,English,Learn to play any song from a chord sheet or by ear in under 2 minutes.,1/2018,01/01/20
Be a Musician Through Piano Improvisation. Basics - 24 keys.,www.udemy.com/course/pianoimprovise-everykey/,Tony Chapman,19.99,11.39,3.7(5 ratings),Music,Music Fundamentals,Piano,101,English,"Feel the freedom and joy of making your own music! A quick, easy method, giving a solid foundation. Tried and tested!",7/2015,01/01/20
Modern Piano Lessons For Beginners,www.udemy.com/course/modern-piano-lessons-for-beginners/,James Gaither,99.99,11.39,3.9(12 ratings),Music,Instruments,Piano,792,English,Learn popular songs for piano easily,6/2015,01/01/20
Quick Piano Lessons - Tutorials for Drake's Greatest Hits,www.udemy.com/course/quick-piano-lessons-tutorials-for-drakes-greatest-hits/,Jeremy Banning,34.99,11.39,5.0(1 rating),Music,Instruments,Piano,26,English,"Learn songs on Piano off of Drake's albums: ""Thank Me Later"", ""Take Care"", and ""Nothing Was The Same""",10/2015,01/01/20
Learn ALL the scales and chords on the piano +2 piano pieces,www.udemy.com/course/learn-all-the-scales-and-chords-on-the-piano-2-piano-pieces/,Matthew Clayton,19.99,11.39,0.0(0 ratings),Music,Instruments,Piano,333,English,Learn how to play the piano with a professional pianist,2/2019,01/01/20
88 Logic - The Essential Guide To Learning Piano,www.udemy.com/course/88-logic-the-ultimate-course-for-learning-piano/,Stevie  Mac,0.0,24.99,0.0(0 ratings),Music,Instruments,Logic,4,English,Learn my theory behind the pianos 88 keys and discover a method of learning that will have you playing in no time.,1/2015,01/01/20
"Practice and Play the Indian Song, Alfred's Basic Piano",www.udemy.com/course/practice-and-play-the-indian-song/,Dimitrov Boelee,19.99,11.99,0.0(0 ratings),Music,Instruments,Piano,4,English,From the Alfred's Basic Piano Library Lesson Book 1A,6/2019,01/01/20
Piano The Hard Way -  Fast Way To Life Long Piano Enjoyment,www.udemy.com/course/piano-the-hard-way/,Christopher Lee,24.99,11.99,3.8(6 ratings),Music,Instruments,Piano,254,English,Probably the quickest way to learn piano correctly. No Fluff. Straight to the point piano excellence.,2/2014,01/01/20
Piano Piece By Piece: Two Easy Classics,www.udemy.com/course/pxp_2easyclassics/,Kimberly Steele,24.99,11.99,0.0(0 ratings),Music,Instruments,Piano,5,English,Beethoven's Ode to Joy and Grieg's In The Hall of the Mountain King,1/2018,01/01/20
#8  Piano Hand Coordination: Learn Piano Dance in 3 Beats,www.udemy.com/course/learn-piano-hand-coordination-8-piano-fill-raindrop-filler/,Rosa Suen,194.99,11.99,5.0(2 ratings),Music,Music Techniques,Piano,881,English,Learn how to play beautiful piano runs coming down as piano fills. Make your piano run coming down like dancing rain.,10/2019,01/01/20
「Smile Bomb」Basic Piano Lesson,www.udemy.com/course/smilebomb-basic-piano-lesson/,Matsuko Mawatari,24.99,11.99,0.0(0 ratings),Music,Instruments,Piano,0,English,Basic is best,3/2019,01/01/20
Learn to Play Piano From a Concert Pianist,www.udemy.com/course/learn-to-play-piano-from-a-concert-pianist-for-beginners/,Think Forward Online Training,19.99,11.99,4.0(58 ratings),Music,Instruments,Piano,"7,715",English,Learn about playing the piano from an experienced pianist + Learn to play 70+ famous songs by learning just four chords.,11/2015,01/01/20
Trinity Piano Grade 3 (Performance) by Joe Bryer,www.udemy.com/course/trinity2017-piano-grade-3-by-joe-bryer/,MasterWay Play by Ear,39.99,11.99,0.0(0 ratings),Music,Instruments,Piano,5,English,Learn how to achieve Trinity exam with good result,1/2018,01/01/20
Learn Piano In Retirement #1 - Increase Wellness With Age,www.udemy.com/course/learn-piano-in-retirement-1-proven-to-increase-wellness/,Chris Gooden,174.99,11.99,3.0(2 ratings),Personal Development,Creativity,Piano,20,English,"Piano for adult beginners, mature students of all ages. Unique method taught in person as ""Learn Piano In 4 Hours"".",12/2017,01/01/20
Learn to Play Piano in 15 Minutes A Day!,www.udemy.com/course/learn-to-play-piano-in-15-minutes-a-day/,Lieschen O'Neill,29.99,11.99,0.0(0 ratings),Music,Music Fundamentals,Piano,1,English,Get started making beautiful music with this 7 day course,9/2018,01/01/20
"Piano Unbound. Piano learning method, a course for beginners",www.udemy.com/course/piano-unbound/,Mihai Stanescu,194.99,11.99,4.7(7 ratings),Music,Instruments,Piano,88,English,"Complete piano course for beginners and intermediate pianists, for a modern approach to piano interpretation.",5/2017,01/01/20
Piano Hack – Learn 4 Tunes & Sound Like a Pro!,www.udemy.com/course/piano-hack-learn-4-tunes-sound-like-a-pro/,James Klein,19.99,11.99,4.2(3 ratings),Music,Instruments,Piano,204,English,"Learn to play 4 easy boogie, jazz, classical and syncopation pieces.",1/2018,01/01/20
Piano for Complete Beginners: Learn your first song today!,www.udemy.com/course/playing-piano-for-complete-beginners/,Genevieve Wilson,39.99,11.99,4.6(13 ratings),Music,Instruments,Piano,"1,271",English,Learn your first song and the building blocks needed to play any other song!,11/2015,01/01/20
Piano / Keyboard Lessons,www.udemy.com/course/piano-keyboard-lessons/,Brandon Bartley,0.0,199.99,0.0(0 ratings),Music,Instruments,Piano,0,English,Instrumentz & Beyond :': ãLearning Coursesã,1/2019,01/01/20
Learn Piano In Retirement #2 - Increase Wellness With Age,www.udemy.com/course/learn-piano-in-retirement-2-increase-wellness-with-age/,Chris Gooden,174.99,11.99,4.4(2 ratings),Personal Development,Creativity,Piano,3,English,"Piano for adult beginners, mature students of all ages. Unique method taught in person as ""Learn Piano In 4 Hours"".",12/2017,01/01/20
Creative Piano for the Beginner!,www.udemy.com/course/creative-piano-for-the-beginner/,"Kathryn Carpenter, M.A.",19.99,11.99,0.0(0 ratings),Music,Instruments,Piano,2,English,Traditional and creative piano method/instruction!,12/2018,01/01/20
Piano Bootcamp - Learn to Play Staff Easily from Scratch,www.udemy.com/course/piano-bootcamp-learn-to-play-staff-easily-from-scratch/,JUSTMIKE Music Academy,24.99,11.99,4.8(3 ratings),Music,Instruments,Piano,"1,014",English,"Learn Music Notation, Sight Reading & How to Play staff on the Piano or keyboard easily with EXERCISES",5/2019,01/01/20
Arabesque - Burgmuller / Piano Classics,www.udemy.com/course/arabesque-burgmuller-piano-classics/,Ilse Lozoya,0.0,Free,4.4(3 ratings),Music,Instruments,Piano,649,English,Learn how to play this piece beautifully,11/2019,01/01/20
Piano Grooves,www.udemy.com/course/free-piano-grooves/,Starling Jones Jr,0.0,Free,4.3(136 ratings),Music,Music Techniques,Piano,"16,548",English, This course will go over a few grooves that can be played for personal entertainment or public display.,4/2014,01/01/20
Playing Piano: Warm Up Exercises,www.udemy.com/course/playing-piano-warm-up-exercises/,Ilse Lozoya,0.0,Free,4.3(165 ratings),Music,Instruments,Piano,"8,608",English,Learn 6 effective piano exercises and improve your position.,6/2017,01/01/20
How to Play Piano and Sing 'Let it Be' by the Beatles,www.udemy.com/course/how-to-play-piano-and-sing-let-it-be-by-the-beatles/,Rob Bee,0.0,Free,4.3(22 ratings),Music,Instruments,Piano,"2,325",English,Play and sing by ear. Learn a complete song. Impress your friends - or get ready for your first 'open mic' night!,9/2018,01/01/20
Easy Piano Mozart Eine Kleine Nachtmusik Play By Ear,www.udemy.com/course/easy-piano-mozart-eine-kleine-nachtmusik-play-by-ear/,The Piano Keys,0.0,Free,0.0(0 ratings),Music,Instruments,Piano,774,English,Watch and learn this easy piano version of Mozart's Eine Kleine Nachtmusik (A Little Night Music),9/2019,01/01/20
How to Play Piano - Your First Lesson!,www.udemy.com/course/how-to-play-piano-course/,Musicians Inspired,0.0,Free,4.5(188 ratings),Music,Instruments,Piano,"6,924",English,"Learn the black and white notes, understand keyboard & piano types, and gain a big picture understanding of music",6/2017,01/01/20
Piano Tutorial : Ludovico Einaudi - Una Mattina,www.udemy.com/course/piano-tutorial-ludovico-einaudi-una-mattina/,Dilhan Sener,0.0,Free,4.5(68 ratings),Music,Instruments,Piano,"6,309",English,Learn to play Una Mattina by Ludovico Einaudi on the piano,4/2016,01/01/20
PI-101 Top 10 Classical Piano Pieces for Beginners,www.udemy.com/course/pi-101-piano/,Dan Hegelund,0.0,Free,4.3(467 ratings),Music,Instruments,Piano,"16,996",English,"PI-101 In this 12-week course, you will learn how to play 10 beautiful classical piano pieces for beginners.",6/2016,01/01/20
Piano Music Theory (Back To Basics) by JFilt,www.udemy.com/course/piano-music-theory-back-to-basics-by-jfilt/,JayJay Johnson,0.0,Free,"4.5(1,178 ratings)",Music,Instruments,Piano,"21,085",English,Piano Lessons For Beginners in 30 Minutes,2/2017,01/01/20
Piano Lessons For Absolute Beginners,www.udemy.com/course/beginnerpianolessons/,Mantius Cazaubon,0.0,Free,"4.5(2,834 ratings)",Music,Music Fundamentals,Piano,"55,916",English,"Learn Notes on the Piano Keyboard and Music Staff, and Basic Scales and Chords",8/2018,01/01/20
Learn Piano Basics in 7 Days For Complete Beginners,www.udemy.com/course/learn-piano-basics-in-7-days-for-complete-beginners/,Michelle Huang,0.0,Free,4.2(103 ratings),Music,Instruments,Piano,"5,886",English,Learn to play the piano in just 7 days with our 7-day piano programme,6/2018,01/01/20
Learn Piano in 45 Days (Part One),www.udemy.com/course/learn-piano-in-45-days-part-one/,Thomas bazzoon,0.0,Free,4.5(300 ratings),Music,Instruments,Piano,"14,015",English,"Read treble and bass clef, play songs by ear, learn basic chords with this free introductory course!",2/2018,01/01/20
Learn 2 songs in 5 weeks : Beethoven & Bach,www.udemy.com/course/learn-2-songs-in-5-weeks-beethoven-bach/,Dilhan Sener,0.0,Free,3.7(9 ratings),Music,Instruments,Piano,"1,833",English,Play famous pieces by famous composers in only 5 weeks!,9/2018,01/01/20
Introduction to Hanon Finger Exercises for Piano,www.udemy.com/course/hanon-finger-exercises-for-piano/,Mister Musicarta,0.0,Free,4.4(70 ratings),Music,Music Techniques,Piano,"6,235",English,Essential exercises for keyboard finger technique,1/2019,01/01/20
Curso de piano desde cero con un sistema que funciona ✅✅,www.udemy.com/course/aprende-piano-desde-cero/,El Profe de Piano,24.99,11.39,4.5(604 ratings),MÃºsica,Instrumentos,Piano,2.611,EspaÃ±ol,"Aprende a tocar piano de la mano del famoso youtuber ""El Profe de Piano"". SÃ³lo 20 minutos/dÃ­a. MÃ©todo que funciona. ââ",12/2019,01/01/20
"Curso de Piano Completo para Iniciantes, por música e ouvido",www.udemy.com/course/curso-de-piano-luciano-alves/,Luciano Alves,119.99,14.39,"4.6(2,785 ratings)",MÃºsica,Instrumentos,Piano,9.772,PortuguÃªs,"Aprenda piano e teclados com o professor, pianista e compositor Luciano Alves (mais de 30 anos de experiÃªncia)",11/2019,01/01/20
Sistema Completo de Piano y Teclado para Principiantes,www.udemy.com/course/sistema-completo-curso-de-piano-y-teclado-para-principiantes/,Club Del Pianista,199.99,11.39,4.4(475 ratings),MÃºsica,Instrumentos,Piano,2.757,EspaÃ±ol,"Aprende a tocar piano y teclado en tiempo record. MÃ©todo eficaz, rÃ¡pido y prÃ¡ctico. Pop, Rock, Blues, Jazz, Bossa...",2/2018,01/01/20
Curso de Piano e Teclado : Academia da Música Online 2019,www.udemy.com/course/curso-de-piano-academia-da-musica-online/,Rui Silva,119.99,11.39,4.6(817 ratings),MÃºsica,Instrumentos,Piano,3.853,PortuguÃªs,"Aprenda Piano do Principiante ao AvanÃ§ado, com o melhor mÃ©todo de ensino da actualidade. Curso traduzido em 7 LÃ­nguas.",1/2019,01/01/20
Klavier spielen lernen,www.udemy.com/course/klavierspielen-lernen-mit-jing-li/,Jing Li,149.99,11.39,4.4(17 ratings),Musik,Instrumente,Klavier,373,Deutsch,ErfÃ¼lle Deinen Traum und lerne noch heute Klavier spielen!,3/2019,01/01/20
Sıfırdan Piyanoya - Haftalar İçinde Piyano Öğrenin,www.udemy.com/course/sifirdan-piyanoya-haftalar-icinde-piyano-ogrenin/,Furkan Han Mert,119.99,11.39,4.5(255 ratings),MÃ¼zik,EnstrÃ¼manlar,Piano,1.360,TÃ¼rkÃ§e,"KÄ±sa sÃ¼rede Piyano Ã§almayÄ± ve nota okumayÄ± Ã¶Ärenip, piyanonun temellerini kolayca anlayacaksÄ±nÄ±z.",1/2019,01/01/20
Curso de Piano Nível Intermediário (por música e ouvido),www.udemy.com/course/curso-de-piano-nivel-intermediario-por-musica-e-ouvido/,Luciano Alves,119.99,11.39,4.6(148 ratings),MÃºsica,Instrumentos,Piano,1.422,PortuguÃªs,Continue seu estudo de piano e teclados com o professor e pianista Luciano Alves (mais de 30 anos de experiÃªncia),11/2019,01/01/20
Popüler Müzik için Piyano Dersleri,www.udemy.com/course/populer-muzik-icin-piyano-dersleri/,Edip Bağrıyanık,49.99,11.39,4.7(37 ratings),MÃ¼zik,"EnstrÃ¼manlar
 ",Piano,371,TÃ¼rkÃ§e,BaÅlangÄ±Ã§ ve Orta seviye Piyano dersleri,5/2019,01/01/20
In Windeseile ganze Songs am Klavier spielen lernen,www.udemy.com/course/klavierkurs/,Daniel Logar,49.99,11.39,4.1(17 ratings),Musik,Instrumente,Klavier,192,"Deutsch
 ",Lerne intuitiv und ohne Langeweile das Klavier spielen - modernes Kurskonzept mit spannenden Videos und Lernmaterialien,8/2018,01/01/20
"Curso de piano para cantantes "" Cantantes al Piano""",www.udemy.com/course/cantantesalpiano/,Ariel Sanchez-La Tecla Espacio musical,64.99,11.39,4.9(9 ratings),MÃºsica,Instrumentos,Piano,91,EspaÃ±ol,"Si te gusta cantar, esto te va a interesar",5/2019,01/01/20
Lieder am Klavier begleiten: Ein schneller Einstieg.,www.udemy.com/course/grundlagen-der-klavierbegleitung/,Simon Theisen,39.99,11.39,4.3(26 ratings),Musik,Instrumente,Klavier,213,Deutsch,Grundlagen der Klavierbegleitung fÃ¼r AnfÃ¤nger mit vielen praktischen Ãbungen und Beispielen.,2/2018,01/01/20
Curso de piano 101 - Tocando partituras y acordes - Vol.1,www.udemy.com/course/curso-de-piano-101-tocando-partituras-y-acordes/,Ilse Lozoya,169.99,11.39,4.4(83 ratings),MÃºsica,Instrumentos,Piano,529,EspaÃ±ol,Aprende a leer notas y acordes de manera progresiva y a tu propio ritmo.,8/2019,01/01/20
Aprenda o ritmo Bossa Nova no Piano - Método Definitivo!,www.udemy.com/course/bossanovapiano/,WA Music Life,24.99,11.39,4.6(65 ratings),MÃºsica,Instrumentos,Piano,224,PortuguÃªs,Um curso super detalhado pra quem quer aprender a bossa nova e suas aplicaÃ§Ãµes com uma metodologia 100% eficiente.,10/2018,01/01/20
Música Descomplicada,www.udemy.com/course/musica-descomplicada/,Alexandre Green,119.99,30.00,4.8(5 ratings),MÃºsica,TÃ©cnicas de mÃºsica,Piano,18,PortuguÃªs,30 Aulas PrÃ¡ticas e objetivas sobre os principais temas ligados a teoria e prÃ¡tica musical.,2/2019,01/01/20
Spielend Klavier lernen mit Freude und Erfolg,www.udemy.com/course/spielend-klavier-lernen/,Franz Titscher,0.0,99.99,4.4(44 ratings),Musik,Instrumente,Klavier,281,Deutsch,Lerne die Grundlagen des Klavierspiels mit Leichtigkeit und Spielfreude,3/2016,01/01/20
Curso de ejercicios técnicos al piano Vol.1,www.udemy.com/course/aprendiendo-piano-curso-de-ejercicios-tecnicos/,Ilse Lozoya,59.99,11.39,4.3(32 ratings),MÃºsica,Instrumentos,Piano,308,EspaÃ±ol,Desarrolla una buena tÃ©cnica en el piano sin necesidad de conocimientos previos.,6/2017,01/01/20
Piazzolla en Piano,www.udemy.com/course/piazzolla-en-piano/,Ariel Sanchez-La Tecla Espacio musical,29.99,11.39,4.7(3 ratings),Music,Instruments,Piano,10,Spanish,Tres Tangos de Piazzolla,11/2019,01/01/20
Re-armonización y adornos para el tecladista principiante,www.udemy.com/course/15-consejos-para-el-tecladista-principiante/,Ilse Lozoya,49.99,11.39,4.0(1 rating),MÃºsica,Instrumentos,ImprovisaciÃ³n,94,EspaÃ±ol,Consejos prÃ¡cticos para realizar adornos en la melodÃ­a y embellecer los acordes de una manera sencilla.,11/2019,01/01/20
30天學會流行鋼琴伴奏,www.udemy.com/course/30day-pop-piano-iyamusic/,IYAMUSIC 哎呀音樂,0.0,19.99,0.0(0 ratings),é³æ¨,é³æ¨åºç¤å¥é,é¼ç´,16,Traditional Chinese,æµè¡é¼ç´å¥éèª²ç¨,3/2019,01/01/20
Play by Ear Piano Fundamental,www.udemy.com/course/play-by-ear-fundamental1/,MasterWay Play by Ear,24.99,11.99,4.6(9 ratings),à¸à¸à¸à¸£à¸µ,à¸­à¸¸à¸à¸à¸£à¸à¹,à¹à¸à¸µà¸¢à¹à¸,à¸à¸¹à¹à¹à¸£à¸µà¸¢à¸à¸¥à¸à¸à¸°à¹à¸à¸µà¸¢à¸,à¹à¸à¸¢,Be able to create and play pop piano in your own way in 6 months,12/2017,01/01/20
Aprendé Piano y música con Reggaeton #1,www.udemy.com/course/pianoareggaeton1/,Ariel Sanchez-La Tecla Espacio musical,24.99,11.99,5.0(1 rating),MÃºsica,Instrumentos,Piano,6,EspaÃ±ol,"Volumen 1: Calma (Pedro CapÃ³, Farruko ) + Hola SeÃ±orita (Maria)- GIMS, Maluma",6/2019,01/01/20
Curso de ejercicios técnicos al piano Vol.2,www.udemy.com/course/curso-de-ejercicios-tecnicos-al-piano-vol2/,Ilse Lozoya,49.99,11.99,4.7(3 ratings),MÃºsica,Instrumentos,Piano,213,EspaÃ±ol,Desarrolla independencia en los dedos y mayor expresiÃ³n musical.,6/2017,01/01/20
Domina el Piano en 10 SEMANAS ¿Aceptas el reto?,www.udemy.com/course/domina-el-piano-en-10-semanas-aceptas-el-reto/,Eduardo Rafael Romero Bernal,19.99,11.99,5.0(1 rating),Music,Instruments,Piano,9,Spanish,"Dirigido a TODO PÃBLICO y a TODOS LOS NIVELES, con terminologÃ­a en espaÃ±ol e inglÃ©s, entretenido, rÃ¡pido y profesional",7/2019,01/01/20
Aprenda Piano Clássico com Czerny,www.udemy.com/course/aprendapianoclassico1/,Jonathan Álex,79.99,11.99,4.8(2 ratings),MÃºsica,Instrumentos,Teoria da mÃºsica,18,PortuguÃªs,The prologue for classical piano playing,2/2019,01/01/20
Aprende a tocar ritmos latinos en el teclado,www.udemy.com/course/aprende-a-tocar-ritmos-latinos-en-el-teclado/,Virtuosso Producciones,0.0,49.99,4.0(1 rating),Music,Instruments,Keyboard Instrument,17,Spanish,"Si te gustan la salsa, la cumbia, el danzÃ³n, el merengue y el cha cha chÃ¡, Â¡llegÃ³ el curso que estabas esperando!",5/2014,01/01/20
Aprende todos los secretos de la salsa para piano,www.udemy.com/course/aprende-a-tocar-salsa-en-el-piano/,Virtuosso Producciones,0.0,49.99,4.7(2 ratings),Music,Instruments,Piano,13,Spanish,Este curso de piano salsa te ayudarÃ¡ a darle a tus interpretaciones ese sabor latino que tanto te gusta,5/2014,01/01/20
La Rutina de Piano Perfecta Vol.2,www.udemy.com/course/la-rutina-de-piano-perfecta-vol2/,Ilse Lozoya,39.99,11.99,4.7(2 ratings),MÃºsica,Instrumentos,Piano,160,EspaÃ±ol,Aprende a leer las piezas con mayor rapidez,11/2019,01/01/20
Para Elisa & Traumerei   -Clásicos del Piano Vol.1-,www.udemy.com/course/clasicos-del-piano-vol1/,Ilse Lozoya,49.99,11.99,4.8(2 ratings),MÃºsica,Instrumentos,Piano,88,EspaÃ±ol,Aprende a tocar bellamente al piano Para Elisa (Beethoven) y Traumerei (Robert Schumann),11/2019,01/01/20
CURSO DE TÉCNICA PIANÍSTICA  Con Ejercicios de Aplicación !,www.udemy.com/course/curso-de-tecnica-pianistica-con-ejercicios-de-aplicacion/,Marcos Ariel Sasone,54.99,11.99,0.0(0 ratings),Music,Instruments,Piano,18,Spanish,Aprende FantÃ¡sticos Movimientos PianÃ­sticos que cambiarÃ¡n tu Vida Musical y SorprÃ©ndete con los RÃ¡pidos Resultados!,9/2019,01/01/20
Aprende escalas  Vol.3: Pentatónicas y escala de BLUES,www.udemy.com/course/aprende-escalas-vol3-pentatonicas-y-escala-de-blues/,Ilse Lozoya,49.99,11.99,0.0(0 ratings),MÃºsica,Instrumentos,Piano,147,EspaÃ±ol,"PentatÃ³nicas mayores, menores y escala de Blues.",11/2019,01/01/20
Aprendiendo piano: Lectura de piezas clásicas Vol.I,www.udemy.com/course/aprendiendo-piano/,Ilse Lozoya,49.99,11.99,3.9(17 ratings),Music,Instruments,Piano,237,Spanish,Aprende a tocar piano leyendo las notas desde el inicio de tu estudio,6/2017,01/01/20
Aprendiendo Piano: Tocando piezas populares Vol.I,www.udemy.com/course/aprendiendo-piano-i-tocando-piezas-populares/,Ilse Lozoya,99.99,11.99,4.6(12 ratings),MÃºsica,Instrumentos,Piano,190,EspaÃ±ol,SÃ© capaz los tipos de acordes bÃ¡sicos en el piano para que puedas acompaÃ±ar melodÃ­as populares.,11/2018,01/01/20
Play by Ear Piano Accompaniment,www.udemy.com/course/accompaniment/,MasterWay Play by Ear,24.99,11.99,4.6(9 ratings),à¸à¸à¸à¸£à¸µ,à¸­à¸¸à¸à¸à¸£à¸à¹,à¹à¸à¸µà¸¢à¹à¸,à¸à¸¹à¹à¹à¸£à¸µà¸¢à¸à¸¥à¸à¸à¸°à¹à¸à¸µà¸¢à¸,à¹à¸à¸¢,à¸§à¸´à¸à¸µà¸à¸²à¸£à¹à¸¥à¹à¸à¹à¸à¸µà¸¢à¹à¸ à¹à¸à¸à¸£à¹à¸­à¸¡à¹à¸à¸±à¸ à¹à¸ªà¸µà¸¢à¸à¸£à¹à¸­à¸ à¹à¸¥à¸°à¹à¸ªà¸µà¸¢à¸à¸à¸à¸à¸£à¸µ à¸à¸²à¸à¹à¸à¸·à¹à¸­à¸à¹à¸à¸­à¸à¸à¸¸à¸,2/2018,01/01/20
La Rutina de Piano Perfecta Vol.1,www.udemy.com/course/la-rutina-de-piano-perfecta-aprende-a-organizar-tu-estudio/,Ilse Lozoya,39.99,11.99,4.3(6 ratings),MÃºsica,Instrumentos,Piano,203,EspaÃ±ol,"Distribuye el tiempo que practicas de manera eficiente y aumenta tu productividad en el piano, logrando un mayor avance.",7/2019,01/01/20
Aprende a Tocar Teclado - Piano,www.udemy.com/course/solfeo-musical/,Carlos Timana Ortega,34.99,11.39,4.0(36 ratings),Music,Instruments,Piano,257,Spanish,Aprende las bases para tocar piano u organo (teclado),10/2015,01/01/20
Aprendiendo ritmos en el piano Vol.1: Rock´n Roll,www.udemy.com/course/aprendiendo-ritmos-en-el-piano-vol1-rock-n-roll/,Ilse Lozoya,69.99,11.39,4.9(6 ratings),MÃºsica,Instrumentos,Piano,165,EspaÃ±ol,Patrones de acompaÃ±amiento,12/2019,01/01/20
Rondo Alla Turca / Tarantella - Clásicos del Piano Vol.2,www.udemy.com/course/rondo-alla-turca-clasicos-del-piano-vol2/,Ilse Lozoya,49.99,11.39,0.0(0 ratings),MÃºsica,Instrumentos,Piano,79,EspaÃ±ol,Una guÃ­a sobre tÃ©cnica e interpretaciÃ³n del Rondo Alla Turca de Mozart y la Tarantella de Albert Pieczonka,8/2019,01/01/20
Curso de ejercicios técnicos al piano Vol.4,www.udemy.com/course/curso-de-ejercicios-tecnicos-al-piano-vol4/,Ilse Lozoya,49.99,11.39,4.0(1 rating),MÃºsica,Instrumentos,Piano,82,EspaÃ±ol,Perfeccionando las figuras rÃ­tmicas,10/2018,01/01/20
Curso de ejercicios técnicos al piano Vol.3,www.udemy.com/course/curso-de-ejercicios-tecnicos-al-piano-vol3/,Ilse Lozoya,39.99,11.39,4.5(1 rating),MÃºsica,Instrumentos,Piano,50,EspaÃ±ol,Desarrolla un ligado expresivo y con mejores dinÃ¡micas.,11/2018,01/01/20
¡Aprende a tocar TRES Tangos al Piano!,www.udemy.com/course/tango-al-piano-para-principiantes-vol-01/,Javier Tucat Moreno,84.99,11.39,4.4(19 ratings),Music,Instruments,Piano,211,Spanish,Tango Al Piano Para Principiantes Vol.1: Curso paso a paso con el pianista y compositor Javier Tucat Moreno.,11/2017,01/01/20
Aprendizaje de ritmos en el piano Vol.2: Balada,www.udemy.com/course/aprendizaje-de-ritmos-en-el-piano-vol2-balada/,Ilse Lozoya,69.99,11.39,4.5(1 rating),MÃºsica,Instrumentos,Piano,200,EspaÃ±ol,"Aprende de manera sencilla y progresiva, ideal para principiantes.",8/2018,01/01/20
Aprende escalas y arpegios Vol.2 : Modo menor,www.udemy.com/course/aprende-escalas-y-arpegios-vol2-modo-menor/,Ilse Lozoya,49.99,11.39,5.0(2 ratings),MÃºsica,Instrumentos,Piano,207,EspaÃ±ol,Toca todas las escalas y arpegios menores con la digitaciÃ³n correcta de una vez por todas.,11/2019,01/01/20
Aprenda Piano do Zero - Método Simples,www.udemy.com/course/aprenda-piano-do-zero-metodo-simples/,Jonathan Álex,74.99,11.39,3.8(31 ratings),MÃºsica,Instrumentos,Acordes de piano,2.314,PortuguÃªs,O guia prÃ¡tico para o estudo diÃ¡rio do piano,12/2019,01/01/20
Truques e Dicas para tocar Teclado e Piano,www.udemy.com/course/truquesedicas-para-teclado/,Carlos Augusto Rocha,19.99,11.39,4.0(1 rating),MÃºsica,TÃ©cnicas de mÃºsica,Instrumento de teclas,45,PortuguÃªs,Aprenda a tocar teclado keyboard and piano tips and tricks,8/2019,01/01/20
Curso de teclado: Louvai-O!,www.udemy.com/course/louvai-o-com-teclados/,Alisson Moises Moreira de Souza,19.99,11.39,4.7(2 ratings),MÃºsica,Instrumentos,Teoria da mÃºsica,8,PortuguÃªs,Sempre sonhou em tocar piano ou teclado? Este curso Ã© para vocÃª!,3/2019,01/01/20
Klavier spielen in 5 Minuten lernen,www.udemy.com/course/klavier-spielen-in-5-minuten-lernen/,Riccardo Belvedere,19.99,11.39,5.0(2 ratings),Musik,Instrumente,Klavier,70,"Deutsch
 ",Die 5 Minuten Piano Challenge - Der einfachste Start ins Klavierspiel!,9/2019,01/01/20
Comment jouer du Pianoforte,www.udemy.com/course/comment-jouer-du-pianoforte/,Léopold Mandeng,99.99,11.39,2.7(4 ratings),Musique,Instruments,Piano,191,FranÃ§ais,apprendre le piano,5/2016,01/01/20
Aprendiendo piano: Lectura de piezas clásicas Vol.II,www.udemy.com/course/aprendiendo-piano-lectura-de-piezas-clasicas-volii/,Ilse Lozoya,39.99,11.39,4.8(6 ratings),MÃºsica,Instrumentos,Piano,128,EspaÃ±ol,Practica tu lectura musical aprendiendo estas bellas piezas.,6/2017,01/01/20
Piano Master Class-Bill Evans,www.udemy.com/course/piano-master-class-bill-evans/,Pablo Schlesinger,39.99,11.39,4.5(1 rating),Music,Instruments,Piano,8,Spanish,-The Christmas Waltz-,2/2018,01/01/20
¡Aprende a tocar MILONGAS en el Piano!,www.udemy.com/course/tango-al-piano-para-principiantes-vol-02-milongas/,Javier Tucat Moreno,54.99,11.39,4.3(3 ratings),Music,Instruments,Piano,179,Spanish,"Tango Al Piano Vol.2: El Choclo y Milonga Sentimental guiadas nota a nota, compÃ¡s a compÃ¡s.",11/2017,01/01/20
Curso básico de piano,www.udemy.com/course/curso-basico-de-piano/,Joel Alamillo Juárez,24.99,11.39,4.5(1 rating),MÃºsica,Instrumentos,Piano,11,EspaÃ±ol,Aprendamos a tocar el piano y acompaÃ±amiento de himnos,4/2019,01/01/20
Chopin: Preludio Em / Vals Am  -Clásicos del Piano Vol.3-,www.udemy.com/course/chopin-preludio-em-vals-am-clasicos-del-piano-vol3/,Ilse Lozoya,49.99,11.39,0.0(0 ratings),MÃºsica,Instrumentos,MÃºsica clÃ¡sica,118,EspaÃ±ol,CÃ³mo interpretar las 2 piezas mas sencillas de F. Chopin,11/2019,01/01/20
Aprende a tocar el piano desde cero,www.udemy.com/course/aprende-a-tocar-el-piano-desde-cero/,Virtuosso Producciones,0.0,49.99,3.1(2 ratings),Music,Instruments,Piano,8,Spanish,"Aprende a tocar el piano por nota, interpreta en el piano a los grandes clÃ¡sicos de la mÃºsica.",4/2014,01/01/20
Piano fácil para Principiantes,www.udemy.com/course/piano-facil-para-principiantes-panda-productions/,Jose Luis Vega Montoya,19.99,11.39,0.0(0 ratings),MÃºsica,Instrumentos,Piano,10,EspaÃ±ol,Aprende piano fÃ¡cil y en poco tiempo,12/2018,01/01/20
Erste Schritte am Klavier 1.0,www.udemy.com/course/erste-schritte-am-klavier-1_0/,Mailyn Rebecca Streit,0.0,149.99,0.0(0 ratings),Musik,Instrumente,Klavier,30,Deutsch,Einziger Klavierkurs mit wissenschaftlich fundierter Methode - bekannt aus dem Schweizer TV,12/2019,01/01/20
Aprende a tocar Música Cristiana en el piano y teclado,www.udemy.com/course/aprende-a-tocar-musica-cristiana-en-el-piano-y-teclado/,Virtuosso Producciones,0.0,19.99,3.5(4 ratings),Music,Instruments,Piano,24,Spanish,"Aprende a hacer arreglos, acompaÃ±amientos y melodÃ­as que te permitirÃ¡n interpretar las mejores canciones de alabanza",5/2014,01/01/20
Klavier - lerne Mercy von Shawn Mendes,www.udemy.com/course/klavierkurs-mercy-von-shawn-mendes/,Adrin Wendt,19.99,11.39,0.0(0 ratings),Musik,Instrumente,Klavier,1,Deutsch,Die Schritt-fÃ¼r-Schritt Anleitung,4/2019,01/01/20
Keyboard class : Thai pop songs for beginner,www.udemy.com/course/thai-pop-songs-for-beginner-piano/,course muse,0.0,54.99,0.0(0 ratings),à¸à¸à¸à¸£à¸µ,à¸­à¸¸à¸à¸à¸£à¸à¹,à¹à¸à¸µà¸¢à¹à¸,à¸à¸¹à¹à¹à¸£à¸µà¸¢à¸à¸¥à¸à¸à¸°à¹à¸à¸µà¸¢à¸,à¹à¸à¸¢,à¹à¸à¸à¸­à¸£à¹à¸ªà¸à¸µà¹à¸à¸£à¸°à¸à¸­à¸à¸à¹à¸§à¸¢ à¹à¸à¸¥à¸à¸¡à¸²à¸à¸à¸§à¹à¸²à¸£à¸±à¸ à¹à¸¥à¸°à¹à¸à¸¥à¸à¹à¸à¸¥à¹à¸à¹à¹à¸«à¸à¸à¸·à¸­à¹à¸à¸¥à¹,1/2019,01/01/20
"Aprende a tocar jazz, salsa y blues en el piano",www.udemy.com/course/aprende-a-tocar-jazz-salsa-y-blues-en-el-piano/,Virtuosso Producciones,0.0,19.99,4.6(2 ratings),Music,Instruments,Jazz,28,Spanish,Una recopilaciÃ³n de los mejores secretos para tocar estos diferentes ritmos en el piano y teclado,5/2014,01/01/20
Piano Básico Para Producción Musical,www.udemy.com/course/piano-basico-para-produccion-musical/,Jossuell Jimenez,19.99,11.39,3.3(7 ratings),MÃºsica,ProducciÃ³n,ProducciÃ³n musical,25,EspaÃ±ol,Aprende a crear una melodÃ­a en el piano.,6/2019,01/01/20
Ahora aprende a tocar jazz en el piano,www.udemy.com/course/ahora-aprende-a-tocar-jazz-en-el-piano/,Virtuosso Producciones,0.0,29.99,0.0(0 ratings),Music,Instruments,Piano,5,Spanish,Este curso para piano y teclado te develarÃ¡ los secretos de los grandes intÃ©rpretes del jazz.,5/2014,01/01/20
Aprendiendo Piano: Tocando piezas populares Vol.II,www.udemy.com/course/aprendiendo-piano-tocando-piezas-populares-volii/,Ilse Lozoya,99.99,11.39,3.4(5 ratings),MÃºsica,Instrumentos,Piano,86,EspaÃ±ol,Disfruta aprendiendo piano mientras tocas piezas populares,6/2017,01/01/20
Aprende a tocar blues en el piano y teclado,www.udemy.com/course/aprende-a-tocar-blues-en-el-piano-y-teclado/,Virtuosso Producciones,0.0,49.99,4.1(5 ratings),Music,Instruments,Blues Piano,13,Spanish,AprenderÃ¡s nuevas formas de crear mÃºsica y descubrirÃ¡s por quÃ© muchos mÃºsicos adoran este estilo musical,5/2014,01/01/20
COUR DE CLAVIER POUR LES NULS. Apprenez les accords de base.,www.udemy.com/course/cour-de-clavier-pour-les-nuls-apprenez-les-accords-de-base/,Matthew Michaud,54.99,11.39,0.0(0 ratings),Musique,Principes de base de la musique,Piano,0,FranÃ§ais,Je vous montre ce que les profs de solfÃ¨ge et autres sur youtube ne vous montrent pas rÃ©ellement. Ma mÃ©thode est simple.,12/2019,01/01/20
Aprende a tocar ritmo pop en el piano y teclado,www.udemy.com/course/aprende-a-tocar-ritmo-pop-en-el-piano-y-teclado/,Virtuosso Producciones,0.0,19.99,4.3(2 ratings),Music,Instruments,Piano,14,Spanish,AduÃ©Ã±ate de uno de los gÃ©neros musicales mÃ¡s populares e imprime a tu mÃºsica ese sonido caracterÃ­stico del pop,5/2014,01/01/20
Aprendizaje de ritmos en el piano Vol.3: Bossa Nova,www.udemy.com/course/aprendizaje-de-ritmos-en-el-piano-vol3-bossa-nova/,Ilse Lozoya,69.99,11.39,0.0(0 ratings),MÃºsica,Instrumentos,Piano,189,EspaÃ±ol,AcompaÃ±amientos fÃ¡ciles para el pianista principiante,12/2019,01/01/20
Lerne jetzt dein erstes Klavier-Stück!,www.udemy.com/course/lerne-jetzt-dein-erstes-klavierstueck/,Franz Titscher,0.0,Free,4.5(40 ratings),Musik,Instrumente,Klavier,1.150,Deutsch,ohne Noten â einfach erklÃ¤rt â leicht & schnell,2/2016,01/01/20
Piano or Keyboard Extreme Beginners Course #1 in Hindi,www.udemy.com/course/piano-or-keyboard-extreme-beginners-course-1-in-hindi/,"MILIND DANGRE , India. G - Synth Musica , Flute Learning Institute",0.0,Free,4.1(18 ratings),Music,Instruments,Piano,998,Hindi,First Note on Piano,1/2019,01/01/20
Escalas mayores,www.udemy.com/course/rutina-de-escalas-mayores-para-piano/,Arturo Arvizu,0.0,Free,4.0(17 ratings),MÃºsica,TÃ©cnicas musicales,Piano,2.594,EspaÃ±ol,Rutina de ejercicios para el piano,11/2017,01/01/20
Aprendiendo Piano: Ejercicios de calentamiento,www.udemy.com/course/aprendiendo-piano-ejercicios-de-calentamiento/,Ilse Lozoya,0.0,Free,4.1(304 ratings),MÃºsica,Instrumentos,Piano,9.094,EspaÃ±ol,Aprende esta rutina de 6 ejercicios y mejora tu relajaciÃ³n y posiciÃ³n al tocar.,12/2019,01/01/20
In einem Tag Klavier spielen. Wie Tobias Müller vom SRF!,www.udemy.com/course/in-einem-tag-klavier-spielen-wie-tobias-muller-vom-srf/,Mailyn Rebecca Streit,0.0,Free,4.3(2 ratings),Musik,Instrumente,Klavier,106,Deutsch,"""Blitzschnell"" ein KlavierstÃ¼ck lernen",12/2019,01/01/20
Klavier - Go 1 Week Challenge,www.udemy.com/course/klavier-go-1-week-challenge/,Adrin Wendt,0.0,Free,3.5(7 ratings),Musik,Instrumente,Klavier,555,Deutsch,Lerne dein erstes KlavierstÃ¼ck in 1 Woche,4/2019,01/01/20
Arabesco - Burgmuller / Clásicos del piano,www.udemy.com/course/arabesco-burgmuller-clasicos-del-piano/,Ilse Lozoya,0.0,Free,3.9(3 ratings),MÃºsica,Instrumentos,Piano,625,EspaÃ±ol,Aprende como tocar esta pieza de manera correcta,11/2019,01/01/20
